"","Minimum_Ticket_Price","City","Cost_of_Living_Index"
"1",85.04,"Atlanta",100.3
"2",55.99,"Atlanta",100.3
"3",46.86,"Atlanta",100.3
"4",60.32,"Atlanta",100.3
"5",48.37,"Atlanta",100.3
"6",29.62,"Atlanta",100.3
"7",214.9,"Atlanta",100.3
"8",43.01,"Atlanta",100.3
"9",42.58,"Atlanta",100.3
"10",209,"Atlanta",100.3
"11",60.3,"Atlanta",100.3
"12",83.44,"Atlanta",100.3
"13",117.35,"Atlanta",100.3
"14",54.36,"Atlanta",100.3
"15",58.81,"Atlanta",100.3
"16",35.53,"Atlanta",100.3
"17",62.68,"Atlanta",100.3
"18",83.92,"Atlanta",100.3
"19",67.39,"Atlanta",100.3
"20",85.1,"Atlanta",100.3
"21",70.94,"Atlanta",100.3
"22",63.78,"Atlanta",100.3
"23",41.43,"Atlanta",100.3
"24",91,"Atlanta",100.3
"25",30.81,"Atlanta",100.3
"26",88.46,"Atlanta",100.3
"27",39.48,"Atlanta",100.3
"28",49.11,"Atlanta",100.3
"29",38.09,"Atlanta",100.3
"30",51.69,"Atlanta",100.3
"31",35.54,"Atlanta",100.3
"32",49.31,"Atlanta",100.3
"33",55.6,"Atlanta",100.3
"34",51.26,"Atlanta",100.3
"35",31.98,"Atlanta",100.3
"36",43.04,"Atlanta",100.3
"37",36.57,"Atlanta",100.3
"38",63.6,"Atlanta",100.3
"39",61.5,"Atlanta",100.3
"40",61.5,"Atlanta",100.3
"41",51.99,"Atlanta",100.3
"42",39.52,"Atlanta",100.3
"43",44.39,"Atlanta",100.3
"44",57.59,"Atlanta",100.3
"45",37.88,"Atlanta",100.3
"46",106.34,"Atlanta",100.3
"47",70.73,"Atlanta",100.3
"48",44.47,"Atlanta",100.3
"49",31.24,"Atlanta",100.3
"50",66.2,"Atlanta",100.3
"51",39.69,"Atlanta",100.3
"52",57.43,"Atlanta",100.3
"53",56.74,"Atlanta",100.3
"54",41.31,"Atlanta",100.3
"55",91,"Atlanta",100.3
"56",42.6,"Atlanta",100.3
"57",32,"Atlanta",100.3
"58",49.69,"Atlanta",100.3
"59",100.7,"Atlanta",100.3
"60",83.92,"Atlanta",100.3
"61",72.11,"Atlanta",100.3
"62",76.37,"Atlanta",100.3
"63",74.46,"Atlanta",100.3
"64",60.32,"Atlanta",100.3
"65",107.41,"Atlanta",100.3
"66",104.81,"Atlanta",100.3
"67",61.21,"Atlanta",100.3
"68",108.7,"Atlanta",100.3
"69",105.15,"Austin",106.6
"70",158.06,"Austin",106.6
"71",222.55,"Austin",106.6
"72",41.25,"Austin",106.6
"73",60.3,"Austin",106.6
"74",67.27,"Austin",106.6
"75",39.46,"Austin",106.6
"76",56.78,"Austin",106.6
"77",155.9,"Austin",106.6
"78",108.7,"Austin",106.6
"79",82.74,"Austin",106.6
"80",137.82,"Austin",106.6
"81",67.05,"Austin",106.6
"82",75.66,"Austin",106.6
"83",44.93,"Austin",106.6
"84",99.98,"Austin",106.6
"85",76.49,"Austin",106.6
"86",38.3,"Austin",106.6
"87",106.34,"Austin",106.6
"88",78.02,"Austin",106.6
"89",127.96,"Austin",106.6
"90",142.07,"Austin",106.6
"91",93.75,"Austin",106.6
"92",153.93,"Austin",106.6
"93",63.74,"Austin",106.6
"94",40.78,"Austin",106.6
"95",145.74,"Austin",106.6
"96",102.8,"Austin",106.6
"97",118.14,"Austin",106.6
"98",40.26,"Austin",106.6
"99",131.12,"Austin",106.6
"100",119.32,"Austin",106.6
"101",48.51,"Boston",132.6
"102",40.65,"Boston",132.6
"103",61.5,"Boston",132.6
"104",99.65,"Boston",132.6
"105",47.32,"Boston",132.6
"106",87.44,"Boston",132.6
"107",119.32,"Boston",132.6
"108",119.32,"Boston",132.6
"109",42.62,"Boston",132.6
"110",64.45,"Boston",132.6
"111",217.78,"Boston",132.6
"112",225.87,"Boston",132.6
"113",30.81,"Boston",132.6
"114",146.85,"Boston",132.6
"115",34.36,"Boston",132.6
"116",46.55,"Boston",132.6
"117",54.49,"Boston",132.6
"118",31.39,"Boston",132.6
"119",85.1,"Boston",132.6
"120",91,"Boston",132.6
"121",49.69,"Boston",132.6
"122",64.25,"Boston",132.6
"123",126.4,"Boston",132.6
"124",61.5,"Boston",132.6
"125",52.96,"Boston",132.6
"126",75.66,"Boston",132.6
"127",80.38,"Boston",132.6
"128",209,"Boston",132.6
"129",114.6,"Boston",132.6
"130",48.52,"Boston",132.6
"131",66.2,"Boston",132.6
"132",63.86,"Boston",132.6
"133",96.11,"Boston",132.6
"134",32,"Boston",132.6
"135",49.11,"Boston",132.6
"136",84.57,"Boston",132.6
"137",53.04,"Boston",132.6
"138",46.55,"Boston",132.6
"139",37.72,"Boston",132.6
"140",93.74,"Boston",132.6
"141",40.65,"Boston",132.6
"142",81.17,"Boston",132.6
"143",170.18,"Boston",132.6
"144",49.68,"Boston",132.6
"145",30.82,"Boston",132.6
"146",41.64,"Boston",132.6
"147",57.94,"Boston",132.6
"148",27.58,"Boston",132.6
"149",77.23,"Boston",132.6
"150",50.28,"Boston",132.6
"151",33.17,"Boston",132.6
"152",50.87,"Boston",132.6
"153",67.4,"Boston",132.6
"154",54.66,"Boston",132.6
"155",43.8,"Boston",132.6
"156",88.63,"Boston",132.6
"157",57.9,"Boston",132.6
"158",44.47,"Boston",132.6
"159",73.24,"Boston",132.6
"160",84.49,"Boston",132.6
"161",95.71,"Boston",132.6
"162",46.12,"Boston",132.6
"163",102.14,"Boston",132.6
"164",79.19,"Boston",132.6
"165",79.18,"Boston",132.6
"166",79.2,"Boston",132.6
"167",52.48,"Boston",132.6
"168",54.38,"Boston",132.6
"169",241.25,"Boston",132.6
"170",89.82,"Boston",132.6
"171",47.55,"Boston",132.6
"172",53.24,"Boston",132.6
"173",81.87,"Boston",132.6
"174",119.32,"Boston",132.6
"175",218.62,"Boston",132.6
"176",82.74,"Boston",132.6
"177",70.7,"Boston",132.6
"178",64.25,"Boston",132.6
"179",59.12,"Boston",132.6
"180",77.26,"Boston",132.6
"181",38.95,"Boston",132.6
"182",110.82,"Boston",132.6
"183",77.98,"Boston",132.6
"184",83.9,"Boston",132.6
"185",61.5,"Boston",132.6
"186",86.29,"Boston",132.6
"187",122.86,"Boston",132.6
"188",59.49,"Boston",132.6
"189",103.65,"Chicago",100.1
"190",134.5,"Chicago",100.1
"191",43.8,"Chicago",100.1
"192",152.49,"Chicago",100.1
"193",66.4,"Chicago",100.1
"194",75.26,"Chicago",100.1
"195",93.75,"Chicago",100.1
"196",53.22,"Chicago",100.1
"197",49.65,"Chicago",100.1
"198",48.91,"Chicago",100.1
"199",82.6,"Chicago",100.1
"200",82.74,"Chicago",100.1
"201",66.22,"Chicago",100.1
"202",50.5,"Chicago",100.1
"203",120.44,"Chicago",100.1
"204",96.9,"Chicago",100.1
"205",120.5,"Chicago",100.1
"206",60.31,"Chicago",100.1
"207",51.6,"Chicago",100.1
"208",46.55,"Chicago",100.1
"209",55.6,"Chicago",100.1
"210",76.83,"Chicago",100.1
"211",71.42,"Chicago",100.1
"212",70.82,"Chicago",100.1
"213",123.12,"Chicago",100.1
"214",60.69,"Chicago",100.1
"215",82.74,"Chicago",100.1
"216",70.15,"Chicago",100.1
"217",96.9,"Chicago",100.1
"218",96.89,"Chicago",100.1
"219",91,"Chicago",100.1
"220",86.28,"Chicago",100.1
"221",50.35,"Chicago",100.1
"222",60.32,"Chicago",100.1
"223",81.95,"Chicago",100.1
"224",60.7,"Chicago",100.1
"225",100.83,"Chicago",100.1
"226",89.81,"Chicago",100.1
"227",85.1,"Chicago",100.1
"228",111.45,"Chicago",100.1
"229",54.54,"Chicago",100.1
"230",92.5,"Chicago",100.1
"231",100.44,"Chicago",100.1
"232",73.3,"Chicago",100.1
"233",113.42,"Chicago",100.1
"234",66.22,"Chicago",100.1
"235",95.72,"Chicago",100.1
"236",85.09,"Chicago",100.1
"237",102.79,"Chicago",100.1
"238",90.74,"Chicago",100.1
"239",61.49,"Chicago",100.1
"240",94.54,"Chicago",100.1
"241",63.85,"Chicago",100.1
"242",73.3,"Chicago",100.1
"243",98.79,"Chicago",100.1
"244",140.95,"Chicago",100.1
"245",68.97,"Chicago",100.1
"246",59.14,"Dallas",98.5
"247",56.78,"Dallas",98.5
"248",59.12,"Dallas",98.5
"249",147.05,"Dallas",98.5
"250",41.44,"Dallas",98.5
"251",60.32,"Dallas",98.5
"252",44.04,"Dallas",98.5
"253",76.49,"Dallas",98.5
"254",40.26,"Dallas",98.5
"255",67.2,"Dallas",98.5
"256",59.42,"Dallas",98.5
"257",55.6,"Dallas",98.5
"258",41.44,"Dallas",98.5
"259",106.91,"Dallas",98.5
"260",67.4,"Dallas",98.5
"261",63.86,"Dallas",98.5
"262",47.34,"Dallas",98.5
"263",48.5,"Dallas",98.5
"264",37.9,"Dallas",98.5
"265",72.52,"Dallas",98.5
"266",72.12,"Dallas",98.5
"267",44.78,"Dallas",98.5
"268",33.17,"Dallas",98.5
"269",57.35,"Dallas",98.5
"270",54.41,"Dallas",98.5
"271",30.82,"Dallas",98.5
"272",96.9,"Dallas",98.5
"273",68.57,"Dallas",98.5
"274",50.87,"Dallas",98.5
"275",43.78,"Dallas",98.5
"276",89.5,"Dallas",98.5
"277",118.53,"Dallas",98.5
"278",89.03,"Dallas",98.5
"279",84.38,"Dallas",98.5
"280",173.6,"Dallas",98.5
"281",68.58,"Dallas",98.5
"282",58.86,"Dallas",98.5
"283",236.14,"Dallas",98.5
"284",60.2,"Dallas",98.5
"285",70.24,"Dallas",98.5
"286",82.53,"Dallas",98.5
"287",31.41,"Dallas",98.5
"288",61.5,"Dallas",98.5
"289",66.22,"Dallas",98.5
"290",104.56,"Dallas",98.5
"291",156.36,"Dallas",98.5
"292",41.44,"Dallas",98.5
"293",78.02,"Dallas",98.5
"294",66.22,"Dallas",98.5
"295",86.24,"Denver",112.1
"296",73.69,"Denver",112.1
"297",63.32,"Denver",112.1
"298",209,"Denver",112.1
"299",94.26,"Denver",112.1
"300",96.11,"Denver",112.1
"301",63.86,"Denver",112.1
"302",54.42,"Denver",112.1
"303",47.32,"Denver",112.1
"304",60.32,"Denver",112.1
"305",49.68,"Denver",112.1
"306",61.5,"Denver",112.1
"307",49,"Denver",112.1
"308",69.74,"Denver",112.1
"309",73.28,"Denver",112.1
"310",72.1,"Denver",112.1
"311",60.3,"Denver",112.1
"312",47.33,"Denver",112.1
"313",49.68,"Denver",112.1
"314",96.9,"Denver",112.1
"315",76.05,"Denver",112.1
"316",58.21,"Denver",112.1
"317",62.66,"Denver",112.1
"318",52.04,"Denver",112.1
"319",61.48,"Denver",112.1
"320",67.38,"Denver",112.1
"321",54.88,"Denver",112.1
"322",50.87,"Denver",112.1
"323",44.97,"Denver",112.1
"324",44.98,"Denver",112.1
"325",85.1,"Denver",112.1
"326",55.58,"Denver",112.1
"327",41.44,"Denver",112.1
"328",60.31,"Denver",112.1
"329",54.94,"Denver",112.1
"330",32,"Denver",112.1
"331",70.92,"Denver",112.1
"332",70.92,"Denver",112.1
"333",70.92,"Denver",112.1
"334",64.36,"Denver",112.1
"335",86.26,"Denver",112.1
"336",82.72,"Denver",112.1
"337",70.92,"Denver",112.1
"338",67.4,"Denver",112.1
"339",66.52,"Denver",112.1
"340",63.84,"Denver",112.1
"341",50.67,"Denver",112.1
"342",55.59,"Denver",112.1
"343",56.72,"Denver",112.1
"344",70.15,"Denver",112.1
"345",73.78,"Denver",112.1
"346",52.98,"Denver",112.1
"347",97.67,"Denver",112.1
"348",55.6,"Denver",112.1
"349",59.12,"Denver",112.1
"350",51.47,"Denver",112.1
"351",91,"Denver",112.1
"352",48.52,"Denver",112.1
"353",80.37,"Denver",112.1
"354",48.76,"Denver",112.1
"355",49.69,"Denver",112.1
"356",79.2,"Denver",112.1
"357",108.7,"Denver",112.1
"358",64.99,"Denver",112.1
"359",72.1,"Denver",112.1
"360",47.28,"Denver",112.1
"361",69.76,"Denver",112.1
"362",84.55,"Denver",112.1
"363",59.12,"Denver",112.1
"364",59.14,"Denver",112.1
"365",67.4,"Denver",112.1
"366",75.66,"Denver",112.1
"367",111.72,"Denver",112.1
"368",54.72,"Denver",112.1
"369",65.04,"Denver",112.1
"370",65.04,"Denver",112.1
"371",75.66,"Denver",112.1
"372",70.94,"Denver",112.1
"373",67.39,"Denver",112.1
"374",66.22,"Denver",112.1
"375",120.49,"Denver",112.1
"376",113.42,"Houston",95.8
"377",82.35,"Houston",95.8
"378",85.1,"Houston",95.8
"379",72.42,"Houston",95.8
"380",60.3,"Houston",95.8
"381",90.64,"Houston",95.8
"382",79.2,"Houston",95.8
"383",83.92,"Houston",95.8
"384",49.63,"Houston",95.8
"385",44.78,"Houston",95.8
"386",52.64,"Houston",95.8
"387",61.44,"Houston",95.8
"388",68.39,"Houston",95.8
"389",96.9,"Houston",95.8
"390",91,"Houston",95.8
"391",73.3,"Houston",95.8
"392",69.76,"Houston",95.8
"393",95.72,"Houston",95.8
"394",61.67,"Houston",95.8
"395",75.64,"Houston",95.8
"396",78.73,"Los Angeles",140.6
"397",85.49,"Los Angeles",140.6
"398",98.21,"Los Angeles",140.6
"399",85.1,"Los Angeles",140.6
"400",56.35,"Los Angeles",140.6
"401",60.09,"Los Angeles",140.6
"402",182.5,"Los Angeles",140.6
"403",180.1,"Los Angeles",140.6
"404",107.52,"Los Angeles",140.6
"405",68.97,"Los Angeles",140.6
"406",194.5,"Los Angeles",140.6
"407",39.5,"Los Angeles",140.6
"408",42.56,"Los Angeles",140.6
"409",55.31,"Los Angeles",140.6
"410",106.34,"Los Angeles",140.6
"411",98.02,"Los Angeles",140.6
"412",61.5,"Los Angeles",140.6
"413",57.95,"Los Angeles",140.6
"414",122.5,"Los Angeles",140.6
"415",85.1,"Los Angeles",140.6
"416",101.86,"Los Angeles",140.6
"417",59.71,"Los Angeles",140.6
"418",91,"Los Angeles",140.6
"419",83.45,"Los Angeles",140.6
"420",88.59,"Los Angeles",140.6
"421",83.92,"Los Angeles",140.6
"422",85.1,"Los Angeles",140.6
"423",226.7,"Los Angeles",140.6
"424",244.4,"Los Angeles",140.6
"425",138.13,"Los Angeles",140.6
"426",54.76,"Los Angeles",140.6
"427",93.35,"Los Angeles",140.6
"428",59.71,"Los Angeles",140.6
"429",79.2,"Los Angeles",140.6
"430",49.41,"Los Angeles",140.6
"431",86.27,"Los Angeles",140.6
"432",37.71,"Los Angeles",140.6
"433",61.49,"Los Angeles",140.6
"434",86.28,"Los Angeles",140.6
"435",49.7,"Los Angeles",140.6
"436",43.78,"Los Angeles",140.6
"437",57.84,"Los Angeles",140.6
"438",55.47,"Los Angeles",140.6
"439",40.19,"Los Angeles",140.6
"440",75.14,"Los Angeles",140.6
"441",54.69,"Los Angeles",140.6
"442",72.12,"Los Angeles",140.6
"443",36.13,"Los Angeles",140.6
"444",73.26,"Los Angeles",140.6
"445",57.22,"Los Angeles",140.6
"446",87.46,"Los Angeles",140.6
"447",72.11,"Los Angeles",140.6
"448",61.5,"Los Angeles",140.6
"449",67.38,"Los Angeles",140.6
"450",61.97,"Los Angeles",140.6
"451",57.64,"Los Angeles",140.6
"452",46.08,"Los Angeles",140.6
"453",52.06,"Los Angeles",140.6
"454",126.4,"Los Angeles",140.6
"455",95.72,"Los Angeles",140.6
"456",61.49,"Los Angeles",140.6
"457",46.1,"Los Angeles",140.6
"458",72.29,"Los Angeles",140.6
"459",43.15,"Los Angeles",140.6
"460",49.46,"Los Angeles",140.6
"461",132.3,"Los Angeles",140.6
"462",72.43,"Los Angeles",140.6
"463",70.29,"Los Angeles",140.6
"464",53.23,"Los Angeles",140.6
"465",67.4,"Los Angeles",140.6
"466",55.12,"Los Angeles",140.6
"467",59.67,"Los Angeles",140.6
"468",72.12,"Los Angeles",140.6
"469",108.7,"Los Angeles",140.6
"470",100.94,"Los Angeles",140.6
"471",43.8,"Los Angeles",140.6
"472",87.34,"Los Angeles",140.6
"473",102.8,"Los Angeles",140.6
"474",79.2,"Los Angeles",140.6
"475",61.48,"Los Angeles",140.6
"476",41.27,"Los Angeles",140.6
"477",72.12,"Los Angeles",140.6
"478",67.7,"Los Angeles",140.6
"479",67.39,"Los Angeles",140.6
"480",73.18,"Los Angeles",140.6
"481",44.97,"Los Angeles",140.6
"482",107.52,"Los Angeles",140.6
"483",89.82,"Los Angeles",140.6
"484",43.8,"Los Angeles",140.6
"485",57.96,"Los Angeles",140.6
"486",54.63,"Los Angeles",140.6
"487",72.04,"Los Angeles",140.6
"488",113.42,"Los Angeles",140.6
"489",90.99,"Los Angeles",140.6
"490",48.39,"Los Angeles",140.6
"491",78.33,"Los Angeles",140.6
"492",130.53,"Los Angeles",140.6
"493",91,"Los Angeles",140.6
"494",133.34,"Los Angeles",140.6
"495",91,"Los Angeles",140.6
"496",113.92,"Los Angeles",140.6
"497",59.08,"Los Angeles",140.6
"498",77.46,"Los Angeles",140.6
"499",98.08,"Los Angeles",140.6
"500",75.12,"Los Angeles",140.6
"501",57.96,"Los Angeles",140.6
"502",67.27,"Los Angeles",140.6
"503",48.52,"Los Angeles",140.6
"504",39.73,"Los Angeles",140.6
"505",37.84,"Los Angeles",140.6
"506",150,"Los Angeles",140.6
"507",82.74,"Los Angeles",140.6
"508",132.3,"Los Angeles",140.6
"509",61.48,"Los Angeles",140.6
"510",85.01,"Los Angeles",140.6
"511",42.62,"Los Angeles",140.6
"512",76.84,"Los Angeles",140.6
"513",101.79,"Los Angeles",140.6
"514",76.05,"Los Angeles",140.6
"515",61.32,"Los Angeles",140.6
"516",33,"Los Angeles",140.6
"517",43.8,"Los Angeles",140.6
"518",77.89,"Los Angeles",140.6
"519",70.94,"Los Angeles",140.6
"520",108.7,"Los Angeles",140.6
"521",91.28,"Los Angeles",140.6
"522",68.53,"Los Angeles",140.6
"523",85.1,"Los Angeles",140.6
"524",79.2,"Los Angeles",140.6
"525",120.5,"Los Angeles",140.6
"526",52,"Los Angeles",140.6
"527",61.5,"Los Angeles",140.6
"528",65.04,"Los Angeles",140.6
"529",41,"Los Angeles",140.6
"530",95.72,"Los Angeles",140.6
"531",111.06,"Los Angeles",140.6
"532",86.98,"Los Angeles",140.6
"533",67.4,"Los Angeles",140.6
"534",75.66,"Los Angeles",140.6
"535",53.52,"Los Angeles",140.6
"536",39.5,"Los Angeles",140.6
"537",33.18,"Los Angeles",140.6
"538",53,"Los Angeles",140.6
"539",88.64,"Los Angeles",140.6
"540",150,"Los Angeles",140.6
"541",88.64,"Los Angeles",140.6
"542",60.32,"Los Angeles",140.6
"543",60.32,"Los Angeles",140.6
"544",60.32,"Los Angeles",140.6
"545",73.71,"Los Angeles",140.6
"546",133.87,"Los Angeles",140.6
"547",60.31,"Los Angeles",140.6
"548",65.43,"Los Angeles",140.6
"549",116.58,"Los Angeles",140.6
"550",47,"Los Angeles",140.6
"551",70.88,"Los Angeles",140.6
"552",108.7,"Los Angeles",140.6
"553",76.84,"Los Angeles",140.6
"554",83.9,"Los Angeles",140.6
"555",64.32,"Los Angeles",140.6
"556",150,"Los Angeles",140.6
"557",85.04,"Los Angeles",140.6
"558",81.18,"Los Angeles",140.6
"559",96.89,"Los Angeles",140.6
"560",75.48,"Los Angeles",140.6
"561",59,"Los Angeles",140.6
"562",57.29,"Los Angeles",140.6
"563",72.12,"Los Angeles",140.6
"564",119.32,"Los Angeles",140.6
"565",138.2,"Los Angeles",140.6
"566",96.9,"Los Angeles",140.6
"567",63.86,"Los Angeles",140.6
"568",83.33,"Los Angeles",140.6
"569",37.14,"Los Angeles",140.6
"570",93.34,"Los Angeles",140.6
"571",78,"Los Angeles",140.6
"572",95.72,"Los Angeles",140.6
"573",72.04,"Los Angeles",140.6
"574",74.48,"Los Angeles",140.6
"575",86.75,"Los Angeles",140.6
"576",79.96,"Los Angeles",140.6
"577",83.19,"Los Angeles",140.6
"578",66.79,"Los Angeles",140.6
"579",75.66,"Los Angeles",140.6
"580",83.92,"Los Angeles",140.6
"581",121.68,"Los Angeles",140.6
"582",150,"Los Angeles",140.6
"583",138.59,"Miami",110.1
"584",64.13,"Miami",110.1
"585",50.09,"Miami",110.1
"586",77.61,"Miami",110.1
"587",129.65,"Miami",110.1
"588",118.05,"Miami",110.1
"589",97.7,"Miami",110.1
"590",110.27,"Miami",110.1
"591",220.8,"Miami",110.1
"592",71.54,"Miami",110.1
"593",50.88,"Miami",110.1
"594",80.3,"Miami",110.1
"595",59.14,"Miami",110.1
"596",43.74,"Miami",110.1
"597",73.3,"Miami",110.1
"598",98.47,"Miami",110.1
"599",79.18,"Miami",110.1
"600",64.25,"Miami",110.1
"601",161.8,"Miami Beach",NA
"602",131.12,"Miami Beach",NA
"603",61.5,"Miami",110.1
"604",118.14,"Miami Beach",NA
"605",91,"Miami",110.1
"606",95.72,"Miami",110.1
"607",177.14,"Miami Beach",NA
"608",90.99,"Miami Beach",NA
"609",88.63,"Miami Beach",NA
"610",402.52,"Miami Beach",NA
"611",213.72,"Miami Beach",NA
"612",76.05,"Nashville",100.1
"613",118.14,"Nashville",100.1
"614",73.3,"Nashville",100.1
"615",125.81,"Nashville",100.1
"616",161.8,"Nashville",100.1
"617",125.81,"Nashville",100.1
"618",226.7,"Nashville",100.1
"619",268,"Nashville",100.1
"620",113.42,"Nashville",100.1
"621",78.02,"Nashville",100.1
"622",72.59,"Nashville",100.1
"623",79.2,"Nashville",100.1
"624",102.8,"Nashville",100.1
"625",47.47,"Nashville",100.1
"626",54.48,"Nashville",100.1
"627",34.23,"Nashville",100.1
"628",55.59,"Nashville",100.1
"629",94.27,"Nashville",100.1
"630",61.49,"Nashville",100.1
"631",107.52,"Nashville",100.1
"632",132.3,"Nashville",100.1
"633",150,"Nashville",100.1
"634",54.33,"Nashville",100.1
"635",262.1,"Nashville",100.1
"636",223.55,"Nashville",100.1
"637",139.38,"Nashville",100.1
"638",67.05,"Nashville",100.1
"639",117.31,"Nashville",100.1
"640",33.14,"Nashville",100.1
"641",100.44,"Nashville",100.1
"642",48.5,"Nashville",100.1
"643",37.9,"Nashville",100.1
"644",46.16,"Nashville",100.1
"645",80.96,"Nashville",100.1
"646",96.84,"Nashville",100.1
"647",146.46,"Nashville",100.1
"648",85.1,"Nashville",100.1
"649",41.44,"Nashville",100.1
"650",86.81,"Nashville",100.1
"651",74.48,"Nashville",100.1
"652",67.4,"Nashville",100.1
"653",87.46,"Nashville",100.1
"654",89.82,"Nashville",100.1
"655",56.74,"Nashville",100.1
"656",83.92,"Nashville",100.1
"657",37.9,"Nashville",100.1
"658",63.86,"Nashville",100.1
"659",120.5,"Nashville",100.1
"660",73.3,"Nashville",100.1
"661",39.74,"Nashville",100.1
"662",120.46,"Nashville",100.1
"663",42.27,"Nashville",100.1
"664",119.71,"Nashville",100.1
"665",105.16,"Nashville",100.1
"666",99.65,"Nashville",100.1
"667",73.3,"Nashville",100.1
"668",45.22,"Nashville",100.1
"669",51.79,"Nashville",100.1
"670",77.36,"Nashville",100.1
"671",46.16,"Nashville",100.1
"672",83.92,"Nashville",100.1
"673",83.92,"Nashville",100.1
"674",70.02,"Nashville",100.1
"675",68.97,"Nashville",100.1
"676",85.09,"Nashville",100.1
"677",50.86,"Nashville",100.1
"678",46.15,"Nashville",100.1
"679",52.04,"Nashville",100.1
"680",49.68,"Nashville",100.1
"681",102.8,"Nashville",100.1
"682",68.25,"Nashville",100.1
"683",56.64,"Nashville",100.1
"684",43.8,"Nashville",100.1
"685",89.82,"Nashville",100.1
"686",58.36,"Nashville",100.1
"687",47.33,"Nashville",100.1
"688",52.05,"Nashville",100.1
"689",48.51,"Nashville",100.1
"690",100.26,"Nashville",100.1
"691",120.49,"Nashville",100.1
"692",52.04,"Nashville",100.1
"693",61.5,"Nashville",100.1
"694",148.81,"Nashville",100.1
"695",151.18,"Nashville",100.1
"696",178.32,"Nashville",100.1
"697",54.42,"Nashville",100.1
"698",181.07,"Nashville",100.1
"699",56.31,"Nashville",100.1
"700",61.49,"Nashville",100.1
"701",76.84,"Nashville",100.1
"702",70.89,"Nashville",100.1
"703",85.08,"Nashville",100.1
"704",128.76,"Nashville",100.1
"705",98.46,"Nashville",100.1
"706",82.74,"Nashville",100.1
"707",113.42,"Nashville",100.1
"708",61.5,"Nashville",100.1
"709",113.42,"Nashville",100.1
"710",67.4,"Nashville",100.1
"711",137.02,"New York",128
"712",125.22,"New York",128
"713",59.77,"New York",128
"714",218.62,"New York",128
"715",61.98,"New York",128
"716",54.86,"New York",128
"717",38.29,"New York",128
"718",221.83,"New York",128
"719",83.92,"New York",128
"720",67.4,"New York",128
"721",44.94,"New York",128
"722",99.73,"New York",128
"723",119.2,"New York",128
"724",114.6,"New York",128
"725",119.79,"New York",128
"726",114.6,"New York",128
"727",53.24,"New York",128
"728",72.12,"New York",128
"729",96.88,"New York",128
"730",99.65,"New York",128
"731",67.4,"New York",128
"732",79.67,"New York",128
"733",69.08,"New York",128
"734",69.05,"New York",128
"735",69.08,"New York",128
"736",69.08,"New York",128
"737",69.05,"New York",128
"738",46.14,"New York",128
"739",66.54,"New York",128
"740",81.94,"New York",128
"741",136.15,"New York",128
"742",137.25,"New York",128
"743",47.17,"New York",128
"744",194.05,"New York",128
"745",60.32,"New York",128
"746",59.14,"New York",128
"747",108.7,"New York",128
"748",40.7,"New York",128
"749",101.25,"New York",128
"750",86.67,"New York",128
"751",57.84,"New York",128
"752",54.42,"New York",128
"753",52.06,"New York",128
"754",35.28,"New York",128
"755",37.9,"New York",128
"756",55.99,"New York",128
"757",40.93,"New York",128
"758",94.78,"New York",128
"759",70.94,"New York",128
"760",77.9,"New York",128
"761",73.3,"New York",128
"762",181.86,"New York",128
"763",151.29,"New York",128
"764",87.11,"New York",128
"765",69.72,"New York",128
"766",135.05,"New York",128
"767",42.58,"New York",128
"768",66.81,"New York",128
"769",81.03,"New York",128
"770",237.32,"New York",128
"771",155.9,"New York",128
"772",60.1,"New York",128
"773",110.32,"New York",128
"774",91.57,"New York",128
"775",61.5,"New York",128
"776",70.15,"New York",128
"777",114.07,"New York",128
"778",58.43,"New York",128
"779",77.94,"New York",128
"780",167.7,"New York",128
"781",150,"New York",128
"782",141.74,"New York",128
"783",62.6,"New York",128
"784",52.06,"New York",128
"785",152.5,"New York",128
"786",80.77,"New York",128
"787",48.48,"New York",128
"788",102.8,"New York",128
"789",56.78,"New York",128
"790",71.41,"New York",128
"791",41.45,"New York",128
"792",47.94,"New York",128
"793",59.05,"New York",128
"794",99.13,"New York",128
"795",118.13,"New York",128
"796",160.62,"New York",128
"797",112.66,"New York",128
"798",61.5,"New York",128
"799",64.86,"New York",128
"800",85.1,"New York",128
"801",61.5,"New York",128
"802",38.88,"New York",128
"803",68.17,"New York",128
"804",101.62,"New York",128
"805",96.9,"New York",128
"806",91,"New York",128
"807",85.1,"New York",128
"808",87.46,"New York",128
"809",102.8,"New York",128
"810",48.52,"New York",128
"811",36.35,"New York",128
"812",155.9,"New York",128
"813",142.92,"New York",128
"814",148.82,"New York",128
"815",59.53,"New York",128
"816",47.87,"New York",128
"817",44.98,"New York",128
"818",117.47,"New York",128
"819",49.7,"New York",128
"820",44.26,"New York",128
"821",111.04,"New York",128
"822",42.1,"New York",128
"823",48.51,"New York",128
"824",48.52,"New York",128
"825",99.14,"New York",128
"826",67.4,"New York",128
"827",52.45,"New York",128
"828",45.39,"New York",128
"829",55.58,"New York",128
"830",131.12,"New York",128
"831",39.86,"New York",128
"832",57.96,"New York",128
"833",108.7,"New York",128
"834",52.05,"New York",128
"835",52.05,"New York",128
"836",99.25,"New York",128
"837",73.24,"New York",128
"838",109.62,"New York",128
"839",98.79,"New York",128
"840",99.65,"New York",128
"841",82.8,"New York",128
"842",49.7,"New York",128
"843",40.52,"New York",128
"844",44.98,"New York",128
"845",79.2,"New York",128
"846",45.99,"New York",128
"847",85.61,"New York",128
"848",45.61,"New York",128
"849",49.11,"New York",128
"850",59.12,"New York",128
"851",167.29,"New York",128
"852",47.34,"New York",128
"853",85.1,"New York",128
"854",95.72,"New York",128
"855",95.81,"New York",128
"856",75.66,"New York",128
"857",62.03,"New York",128
"858",108.7,"New York",128
"859",82.74,"New York",128
"860",64.79,"New York",128
"861",68.56,"New York",128
"862",60.87,"New York",128
"863",42.62,"New York",128
"864",74.09,"New York",128
"865",119.32,"New York",128
"866",41.44,"New York",128
"867",138.2,"New York",128
"868",119.32,"New York",128
"869",75.66,"New York",128
"870",55.6,"New York",128
"871",58.35,"New York",128
"872",85.1,"New York",128
"873",79.2,"New York",128
"874",85.1,"New York",128
"875",182.13,"New York",128
"876",55.6,"New York",128
"877",59.14,"New York",128
"878",54.21,"New York",128
"879",55.46,"New York",128
"880",108.58,"New York",128
"881",81.44,"New York",128
"882",44.19,"New York",128
"883",38.83,"New York",128
"884",170.45,"New York",128
"885",108.82,"New York",128
"886",170.45,"New York",128
"887",120.5,"New York",128
"888",50.79,"New York",128
"889",48.52,"New York",128
"890",59.09,"New York",128
"891",58.74,"New York",128
"892",58.46,"New York",128
"893",67.19,"New York",128
"894",55.45,"New York",128
"895",99.06,"New York",128
"896",85.08,"New York",128
"897",150,"New York",128
"898",120.48,"New York",128
"899",33.18,"New York",128
"900",55.6,"New York",128
"901",107.2,"New York",128
"902",123.24,"New York",128
"903",85.1,"Oakland",NA
"904",96.1,"Oakland",NA
"905",57.84,"Oakland",NA
"906",91,"Oakland",NA
"907",76.83,"Oakland",NA
"908",182.25,"Oakland",NA
"909",99.06,"Oakland",NA
"910",179.24,"Oakland",NA
"911",113.81,"Oakland",NA
"912",120.49,"Oakland",NA
"913",237.31,"Oakland",NA
"914",78.01,"Oakland",NA
"915",52.02,"Oakland",NA
"916",127.58,"Oakland",NA
"917",89.05,"Oakland",NA
"918",95.72,"Oakland",NA
"919",55.6,"Oakland",NA
"920",50.38,"Oakland",NA
"921",59.14,"Oakland",NA
"922",81.87,"Oakland",NA
"923",85.1,"Oakland",NA
"924",61.5,"Oakland",NA
"925",76.95,"Oakland",NA
"926",108.69,"Oakland",NA
"927",66.54,"Oakland",NA
"928",57.95,"Oakland",NA
"929",109.88,"Oakland",NA
"930",75.2,"Oakland",NA
"931",72.77,"Oakland",NA
"932",116.96,"Oakland",NA
"933",150,"Oakland",NA
"934",82.73,"Oakland",NA
"935",43.8,"Philadelphia",103.4
"936",76.05,"Philadelphia",103.4
"937",63.74,"Philadelphia",103.4
"938",68.5,"Philadelphia",103.4
"939",63.75,"Philadelphia",103.4
"940",82.74,"Philadelphia",103.4
"941",50.77,"Philadelphia",103.4
"942",37.89,"Philadelphia",103.4
"943",237.32,"Philadelphia",103.4
"944",41.17,"Philadelphia",103.4
"945",213.72,"Philadelphia",103.4
"946",81.95,"Philadelphia",103.4
"947",107.52,"Philadelphia",103.4
"948",31.83,"Philadelphia",103.4
"949",75.66,"Philadelphia",103.4
"950",43.8,"Philadelphia",103.4
"951",57.17,"Philadelphia",103.4
"952",34.22,"Philadelphia",103.4
"953",67.22,"Philadelphia",103.4
"954",60.71,"Philadelphia",103.4
"955",65.02,"Philadelphia",103.4
"956",59.14,"Philadelphia",103.4
"957",142.04,"Philadelphia",103.4
"958",50.68,"Philadelphia",103.4
"959",71.53,"Philadelphia",103.4
"960",60.32,"Philadelphia",103.4
"961",40.09,"Philadelphia",103.4
"962",42.6,"Philadelphia",103.4
"963",43.62,"Philadelphia",103.4
"964",56.78,"Philadelphia",103.4
"965",42.61,"Philadelphia",103.4
"966",40.65,"Philadelphia",103.4
"967",44.59,"Philadelphia",103.4
"968",70.93,"Philadelphia",103.4
"969",27.26,"Philadelphia",103.4
"970",40.68,"Philadelphia",103.4
"971",33.42,"Philadelphia",103.4
"972",50.86,"Philadelphia",103.4
"973",35.54,"Philadelphia",103.4
"974",54.41,"Philadelphia",103.4
"975",107.52,"Philadelphia",103.4
"976",123.25,"Philadelphia",103.4
"977",40.24,"Philadelphia",103.4
"978",118.14,"Philadelphia",103.4
"979",29.63,"Philadelphia",103.4
"980",45.3,"Philadelphia",103.4
"981",61.48,"Philadelphia",103.4
"982",64.25,"Philadelphia",103.4
"983",40.24,"Philadelphia",103.4
"984",38.55,"Philadelphia",103.4
"985",54.41,"Philadelphia",103.4
"986",38.56,"Philadelphia",103.4
"987",62.68,"Philadelphia",103.4
"988",47.99,"Philadelphia",103.4
"989",61.44,"Philadelphia",103.4
"990",93.36,"Philadelphia",103.4
"991",92.77,"Philadelphia",103.4
"992",49.7,"Philadelphia",103.4
"993",72.12,"Philadelphia",103.4
"994",58.47,"Philadelphia",103.4
"995",60.26,"Philadelphia",103.4
"996",83.71,"Philadelphia",103.4
"997",51.98,"Philadelphia",103.4
"998",55.59,"Philadelphia",103.4
"999",42.62,"Philadelphia",103.4
"1000",61.49,"Philadelphia",103.4
"1001",77.88,"Philadelphia",103.4
"1002",40.84,"Philadelphia",103.4
"1003",43.27,"Philadelphia",103.4
"1004",74.46,"Philadelphia",103.4
"1005",64.07,"Philadelphia",103.4
"1006",41.83,"Philadelphia",103.4
"1007",50.88,"Philadelphia",103.4
"1008",34.75,"Philadelphia",103.4
"1009",49.15,"Philadelphia",103.4
"1010",80.77,"Philadelphia",103.4
"1011",50.87,"Philadelphia",103.4
"1012",70.15,"Philadelphia",103.4
"1013",89.82,"Philadelphia",103.4
"1014",68.17,"Portland",113
"1015",68.17,"Portland",116.5
"1016",55.6,"Portland",113
"1017",55.6,"Portland",116.5
"1018",85.1,"Portland",113
"1019",85.1,"Portland",116.5
"1020",65.55,"Portland",113
"1021",65.55,"Portland",116.5
"1022",159,"Portland",113
"1023",159,"Portland",116.5
"1024",68.58,"Portland",113
"1025",68.58,"Portland",116.5
"1026",43.62,"Portland",113
"1027",43.62,"Portland",116.5
"1028",72.12,"Portland",113
"1029",72.12,"Portland",116.5
"1030",27.11,"Portland",113
"1031",27.11,"Portland",116.5
"1032",69.76,"Portland",113
"1033",69.76,"Portland",116.5
"1034",34.28,"Portland",113
"1035",34.28,"Portland",116.5
"1036",50.86,"Portland",113
"1037",50.86,"Portland",116.5
"1038",32,"Portland",113
"1039",32,"Portland",116.5
"1040",68.58,"Portland",113
"1041",68.58,"Portland",116.5
"1042",39.08,"Portland",113
"1043",39.08,"Portland",116.5
"1044",179.49,"Portland",113
"1045",179.49,"Portland",116.5
"1046",107.45,"Portland",113
"1047",107.45,"Portland",116.5
"1048",89.94,"Portland",113
"1049",89.94,"Portland",116.5
"1050",120.48,"Portland",113
"1051",120.48,"Portland",116.5
"1052",60.32,"Portland",113
"1053",60.32,"Portland",116.5
"1054",44.85,"Portland",113
"1055",44.85,"Portland",116.5
"1056",99.26,"Portland",113
"1057",99.26,"Portland",116.5
"1058",51.33,"Portland",113
"1059",51.33,"Portland",116.5
"1060",55.36,"Portland",113
"1061",55.36,"Portland",116.5
"1062",47.81,"Portland",113
"1063",47.81,"Portland",116.5
"1064",54.28,"Portland",113
"1065",54.28,"Portland",116.5
"1066",40.65,"Portland",113
"1067",40.65,"Portland",116.5
"1068",52.34,"Portland",113
"1069",52.34,"Portland",116.5
"1070",66.86,"Portland",113
"1071",66.86,"Portland",116.5
"1072",61.49,"Portland",113
"1073",61.49,"Portland",116.5
"1074",43.79,"Portland",113
"1075",43.79,"Portland",116.5
"1076",201.92,"Portland",113
"1077",201.92,"Portland",116.5
"1078",83.13,"Portland",113
"1079",83.13,"Portland",116.5
"1080",48.52,"Portland",113
"1081",48.52,"Portland",116.5
"1082",51.97,"Portland",113
"1083",51.97,"Portland",116.5
"1084",50.87,"Portland",113
"1085",50.87,"Portland",116.5
"1086",55.51,"Portland",113
"1087",55.51,"Portland",116.5
"1088",57.95,"Portland",113
"1089",57.95,"Portland",116.5
"1090",37.96,"Portland",113
"1091",37.96,"Portland",116.5
"1092",71.6,"Portland",113
"1093",71.6,"Portland",116.5
"1094",67.19,"Portland",113
"1095",67.19,"Portland",116.5
"1096",42.61,"Portland",113
"1097",42.61,"Portland",116.5
"1098",47.33,"Portland",113
"1099",47.33,"Portland",116.5
"1100",54.81,"Portland",113
"1101",54.81,"Portland",116.5
"1102",68.97,"Portland",113
"1103",68.97,"Portland",116.5
"1104",120.5,"Portland",113
"1105",120.5,"Portland",116.5
"1106",83.92,"Portland",113
"1107",83.92,"Portland",116.5
"1108",95.72,"Portland",113
"1109",95.72,"Portland",116.5
"1110",58.48,"Portland",113
"1111",58.48,"Portland",116.5
"1112",33.6,"Portland",113
"1113",33.6,"Portland",116.5
"1114",144.1,"Portland",113
"1115",144.1,"Portland",116.5
"1116",44.92,"Portland",113
"1117",44.92,"Portland",116.5
"1118",40.63,"Portland",113
"1119",40.63,"Portland",116.5
"1120",108.69,"Portland",113
"1121",108.69,"Portland",116.5
"1122",102.78,"Portland",113
"1123",102.78,"Portland",116.5
"1124",65.68,"Portland",113
"1125",65.68,"Portland",116.5
"1126",75.64,"Portland",113
"1127",75.64,"Portland",116.5
"1128",83.92,"Portland",113
"1129",83.92,"Portland",116.5
"1130",48.52,"Portland",113
"1131",48.52,"Portland",116.5
"1132",98.5,"Portland",113
"1133",98.5,"Portland",116.5
"1134",52.04,"Portland",113
"1135",52.04,"Portland",116.5
"1136",63.38,"Portland",113
"1137",63.38,"Portland",116.5
"1138",54.42,"Portland",113
"1139",54.42,"Portland",116.5
"1140",76.83,"Portland",113
"1141",76.83,"Portland",116.5
"1142",59.14,"Portland",113
"1143",59.14,"Portland",116.5
"1144",141.74,"Portland",113
"1145",141.74,"Portland",116.5
"1146",72.12,"Portland",113
"1147",72.12,"Portland",116.5
"1148",67.08,"Portland",113
"1149",67.08,"Portland",116.5
"1150",86.28,"Portland",113
"1151",86.28,"Portland",116.5
"1152",95.72,"Portland",113
"1153",95.72,"Portland",116.5
"1154",48.52,"Portland",113
"1155",48.52,"Portland",116.5
"1156",95.72,"Portland",113
"1157",95.72,"Portland",116.5
"1158",67.4,"Portland",113
"1159",67.4,"Portland",116.5
"1160",83.92,"Portland",113
"1161",83.92,"Portland",116.5
"1162",86.67,"Portland",113
"1163",86.67,"Portland",116.5
"1164",68.52,"Portland",113
"1165",68.52,"Portland",116.5
"1166",47.53,"Portland",113
"1167",47.53,"Portland",116.5
"1168",54.48,"Portland",113
"1169",54.48,"Portland",116.5
"1170",70.87,"Portland",113
"1171",70.87,"Portland",116.5
"1172",68.56,"Portland",113
"1173",68.56,"Portland",116.5
"1174",92.16,"Portland",113
"1175",92.16,"Portland",116.5
"1176",79.2,"Portland",113
"1177",79.2,"Portland",116.5
"1178",119.32,"Portland",113
"1179",119.32,"Portland",116.5
"1180",73.82,"Portland",113
"1181",73.82,"Portland",116.5
"1182",70.15,"Portland",113
"1183",70.15,"Portland",116.5
"1184",78.41,"Portland",113
"1185",78.41,"Portland",116.5
"1186",78.5,"Portland",113
"1187",78.5,"Portland",116.5
"1188",201.92,"Portland",113
"1189",201.92,"Portland",116.5
"1190",76.7,"Seattle",124.6
"1191",61.44,"Seattle",124.6
"1192",106.34,"Seattle",124.6
"1193",63.26,"Seattle",124.6
"1194",34.77,"Seattle",124.6
"1195",45.36,"Seattle",124.6
"1196",61.49,"Seattle",124.6
"1197",118.53,"Seattle",124.6
"1198",96.9,"Seattle",124.6
"1199",74.42,"Seattle",124.6
"1200",172.42,"Seattle",124.6
"1201",48.57,"Seattle",124.6
"1202",67.39,"Seattle",124.6
"1203",66.16,"Seattle",124.6
"1204",107.64,"Seattle",124.6
"1205",102.8,"Seattle",124.6
"1206",51.01,"Seattle",124.6
"1207",62.68,"Seattle",124.6
"1208",51.01,"Seattle",124.6
"1209",165.02,"Seattle",124.6
"1210",66.61,"Seattle",124.6
"1211",55.59,"Seattle",124.6
"1212",50.82,"Seattle",124.6
"1213",119.32,"Seattle",124.6
"1214",60.3,"Seattle",124.6
"1215",40.26,"Seattle",124.6
"1216",53.23,"Seattle",124.6
"1217",70.81,"Seattle",124.6
"1218",48.39,"Seattle",124.6
"1219",57.95,"Seattle",124.6
"1220",37.88,"Seattle",124.6
"1221",113.36,"Seattle",124.6
"1222",54.36,"Seattle",124.6
"1223",53.24,"Seattle",124.6
"1224",51.01,"Seattle",124.6
"1225",81.42,"Seattle",124.6
"1226",97.51,"Seattle",124.6
"1227",51.01,"Seattle",124.6
"1228",64.12,"Seattle",124.6
"1229",54.93,"Seattle",124.6
"1230",54.94,"Seattle",124.6
"1231",107.52,"Seattle",124.6
"1232",79,"Seattle",124.6
"1233",72.12,"Seattle",124.6
"1234",72.12,"Seattle",124.6
"1235",114.6,"Seattle",124.6
"1236",76.84,"Seattle",124.6
"1237",65.04,"Seattle",124.6
"1238",57.95,"Seattle",124.6
"1239",83.92,"Seattle",124.6
"1240",58.8,"Seattle",124.6
"1241",54.42,"Seattle",124.6
"1242",167.11,"Seattle",124.6
"1243",57.35,"Seattle",124.6
"1244",78.02,"Seattle",124.6
"1245",142.92,"Seattle",124.6
"1246",72.71,"Seattle",124.6
"1247",119.31,"Seattle",124.6
"1248",35.85,"Seattle",124.6
"1249",144.1,"Seattle",124.6
"1250",86.87,"Seattle",124.6
"1251",83.9,"Seattle",124.6
"1252",237.32,"Seattle",124.6
"1253",77.85,"Seattle",124.6
"1254",56.56,"Seattle",124.6
"1255",55.6,"Seattle",124.6
"1256",55.52,"Seattle",124.6
"1257",80.36,"Seattle",124.6
"1258",50.86,"Seattle",124.6
"1259",47.4,"Seattle",124.6
"1260",144.1,"Seattle",124.6
"1261",83.92,"Seattle",124.6
"1262",120.49,"Seattle",124.6
"1263",55.34,"San Francisco",178.6
"1264",61.46,"San Francisco",178.6
"1265",119.32,"San Francisco",178.6
"1266",36.13,"San Francisco",178.6
"1267",82.72,"San Francisco",178.6
"1268",138.2,"San Francisco",178.6
"1269",130.29,"San Francisco",178.6
"1270",62.66,"San Francisco",178.6
"1271",132.3,"San Francisco",178.6
"1272",88.58,"San Francisco",178.6
"1273",37.9,"San Francisco",178.6
"1274",67.39,"San Francisco",178.6
"1275",90.12,"San Francisco",178.6
"1276",65.44,"San Francisco",178.6
"1277",112.22,"San Francisco",178.6
"1278",72.65,"San Francisco",178.6
"1279",54.89,"San Francisco",178.6
"1280",69.76,"San Francisco",178.6
"1281",52.06,"San Francisco",178.6
"1282",56.38,"San Francisco",178.6
"1283",59.12,"San Francisco",178.6
"1284",61.67,"San Francisco",178.6
"1285",61.67,"San Francisco",178.6
"1286",85.04,"San Francisco",178.6
"1287",67.39,"San Francisco",178.6
"1288",126.34,"San Francisco",178.6
"1289",114.6,"San Francisco",178.6
"1290",43.79,"San Francisco",178.6
"1291",36.72,"San Francisco",178.6
"1292",103.69,"San Francisco",178.6
"1293",56.19,"San Francisco",178.6
"1294",71.86,"San Francisco",178.6
"1295",49.7,"San Francisco",178.6
"1296",83.9,"San Francisco",178.6
"1297",51.45,"San Francisco",178.6
"1298",60.3,"San Francisco",178.6
"1299",77.81,"San Francisco",178.6
"1300",60.3,"San Francisco",178.6
"1301",120.49,"San Francisco",178.6
"1302",72.89,"San Francisco",178.6
"1303",79.2,"San Francisco",178.6
"1304",147.46,"San Francisco",178.6
"1305",59.14,"San Francisco",178.6
"1306",47.93,"San Francisco",178.6
"1307",50.03,"San Francisco",178.6
"1308",29.64,"San Francisco",178.6
"1309",33.52,"San Francisco",178.6
"1310",53.23,"San Francisco",178.6
"1311",106.93,"San Francisco",178.6
"1312",108.11,"San Francisco",178.6
"1313",107.51,"San Francisco",178.6
"1314",81.86,"San Francisco",178.6
"1315",80.38,"San Francisco",178.6
"1316",47.1,"San Francisco",178.6
"1317",41.02,"San Francisco",178.6
"1318",75.66,"San Francisco",178.6
"1319",61.49,"San Francisco",178.6
"1320",37.9,"San Francisco",178.6
"1321",67.99,"San Francisco",178.6
"1322",73.29,"San Francisco",178.6
"1323",103.98,"San Francisco",178.6
"1324",108.76,"San Francisco",178.6
"1325",106.35,"San Francisco",178.6
"1326",109.09,"San Francisco",178.6
"1327",79.2,"San Francisco",178.6
"1328",43.8,"San Francisco",178.6
"1329",34.36,"San Francisco",178.6
"1330",60.26,"San Francisco",178.6
"1331",64.9,"San Francisco",178.6
"1332",82.74,"San Francisco",178.6
"1333",55.47,"San Francisco",178.6
"1334",144.09,"San Francisco",178.6
"1335",60.03,"San Francisco",178.6
"1336",59.36,"San Francisco",178.6
"1337",73.29,"San Francisco",178.6
"1338",79.19,"San Francisco",178.6
"1339",90.93,"San Francisco",178.6
"1340",86.65,"San Francisco",178.6
"1341",72.11,"San Francisco",178.6
"1342",75.12,"San Francisco",178.6
"1343",76.39,"San Francisco",178.6
"1344",73.24,"San Francisco",178.6
"1345",53.1,"San Francisco",178.6
"1346",69.04,"San Francisco",178.6
"1347",77.81,"San Francisco",178.6
"1348",81.87,"San Francisco",178.6
"1349",39.75,"Detroit",93.2
"1350",24.75,"Minneapolis",105.4
"1351",29.75,"Denver",112.1
"1352",47,"Alpharetta",NA
"1353",20,"Hartford",104.8
"1354",39.5,"Foxborough",NA
"1355",29.5,"Raleigh",99.7
"1356",29.5,"Maryland Heights",NA
"1357",29.5,"Bristow",NA
"1358",29.5,"Mountain View",NA
"1359",20,"Hartford",104.8
"1360",39.5,"Arlington",NA
"1361",29.5,"Phoenix",104.3
"1362",25,"Chula Vista",NA
"1363",18.88,"Chicago",100.1
"1364",24.88,"Chicago",100.1
"1365",40.25,"Mountain View",NA
"1366",30,"Clarkston",NA
"1367",37.25,"Noblesville",NA
"1368",38.25,"Maryland Heights",NA
"1369",39.25,"Tinley Park",NA
"1370",35,"Canandaigua",NA
"1371",20,"Saratoga Springs",NA
"1372",39.25,"Charlotte",97.9
"1373",60.5,"Boston",132.6
"1374",55.5,"Sugar Land",NA
"1375",20,"Orange Beach",NA
"1376",39,"Burgettstown",NA
"1377",54.5,"Atlanta",100.3
"1378",39.5,"Milwaukee",93.8
"1379",52.5,"Ontario",NA
"1380",59,"Fairfax",NA
"1381",39.5,"San Francisco",178.6
"1382",42.5,"Pittsburgh",93.1
"1383",29.5,"Wheatland",NA
"1384",29.5,"Burgettstown",NA
"1385",29.75,"Tampa",101.4
"1386",49.5,"Montreal",NA
"1387",18,"Amsterdam",NA
"1388",42.9,"Berlin",NA
"1389",125,"Philadelphia",103.4
"1390",490,"Mí©xico",NA
"1391",29.5,"Tampa",101.4
"1392",29,"Holmdel",NA
"1393",57.5,"Portland",113
"1394",57.5,"Portland",116.5
"1395",75,"Atlantic City",102
"1396",46,"St Louis",NA
"1397",35,"Birmingham",90.7
"1398",27.75,"Baltimore",107
"1399",29.5,"Albuquerque",92.9
"1400",29.5,"Mansfield",86.2
"1401",65.5,"Newark",NA
"1402",39.5,"Charlotte",97.9
"1403",30,"Auburn",93.7
"1404",30,"Auburn",91.9
"1405",39,"San Antonio",92.7
"1406",55,"Rosemont",NA
"1407",55,"Indianapolis",90.2
"1408",23.5,"Mansfield",86.2
"1409",49,"Las Vegas",100.7
"1410",27.75,"Tulsa",86.7
"1411",30,"Toronto",NA
"1412",20,"Huber Heights",NA
"1413",25,"Cincinnati",92.4
"1414",37,"Cuyahoga Falls",NA
"1415",35,"Farmingville",NA
"1416",45.5,"Kansas City",91.6
"1417",46.5,"Nashville",100.1
"1418",29.5,"Mansfield",86.2
"1419",49.5,"Arlington",NA
"1420",49.5,"Miami",110.1
"1421",49.5,"Foxborough",NA
"1422",49.5,"East Rutherford",NA
"1423",45.5,"Philadelphia",103.4
"1424",46.5,"Indianapolis",90.2
"1425",44,"Landover",NA
"1426",43.5,"Louisville",91.6
"1427",29.5,"Albuquerque",92.9
"1428",29.5,"Ridgefield",NA
"1429",90,"Las Vegas",100.7
"1430",23,"Columbus",88.5
"1431",23,"Columbus",89.1
"1432",23,"Columbus",93.9
"1433",29.5,"Mansfield",86.2
"1434",30,"Seattle",124.6
"1435",30,"New York",128
"1436",29.5,"Wilmington",99
"1437",29.5,"Atlanta",100.3
"1438",125,"Philadelphia",103.4
"1439",29.5,"Wheatland",NA
"1440",29.5,"Auburn",93.7
"1441",29.5,"Auburn",91.9
"1442",39.5,"Irvine",NA
"1443",39.25,"Bristow",NA
"1444",28.5,"Noblesville",NA
"1445",29.5,"Holmdel",NA
"1446",18,"Amsterdam",NA
"1447",13.2,"Amsterdam",NA
"1448",18,"Amsterdam",NA
"1449",13.2,"Amsterdam",NA
"1450",49,"Las Vegas",100.7
"1451",49,"Las Vegas",100.7
"1452",40.7,"Amsterdam",NA
"1453",75,"Atlantic City",102
"1454",49,"Las Vegas",100.7
"1455",89,"Atlantic City",102
"1456",75,"Thackerville",NA
"1457",89,"Atlantic City",102
"1458",60.07,"Milwaukee",93.8
"1459",49,"Las Vegas",100.7
"1460",49,"Las Vegas",100.7
"1461",45,"Youngstown",86.4
"1462",49.5,"Foxborough",NA
"1463",46.5,"Nashville",100.1
"1464",480,"Mí©xico",NA
"1465",1790,"Mí©xico",NA
"1466",988,"Mí©xico",NA
"1467",1988,"Mí©xico",NA
"1468",25,"Bangor",98
"1469",780,"Monterrey",NA
"1470",29,"Uncasville",NA
"1471",46.5,"Indianapolis",90.2
"1472",45.5,"Philadelphia",103.4
"1473",43.5,"Louisville",91.6
"1474",44,"Landover",NA
"1475",49.5,"Miami",110.1
"1476",49.5,"Arlington",NA
"1477",49.5,"East Rutherford",NA
"1478",39.5,"Tuscaloosa",91
"1479",39.5,"Chula Vista",NA
"1480",32,"Cuyahoga Falls",NA
"1481",35.25,"Mountain View",NA
"1482",35,"Auburn",93.7
"1483",35,"Auburn",91.9
"1484",35.25,"West Palm Beach",NA
"1485",45.26,"Milwaukee",93.8
"1486",34.75,"Chula Vista",NA
"1487",55.5,"Irvine",NA
"1488",39,"Charlotte",97.9
"1489",40,"Bristow",NA
"1490",41.75,"Dallas",98.5
"1491",39,"Raleigh",99.7
"1492",35.5,"Atlanta",100.3
"1493",30.75,"Clarkston",NA
"1494",46.75,"Bethel",NA
"1495",49.5,"Silver Spring",NA
"1496",39,"Allentown",98.9
"1497",30.75,"Indianapolis",90.2
"1498",47,"West Palm Beach",NA
"1499",20.5,"Virginia Beach",99
"1500",25,"Cleveland",89.5
"1501",25,"Cleveland",90
"1502",29.5,"Raleigh",99.7
"1503",456,"Nijmegen",NA
"1504",76,"Brooklyn",NA
"1505",35,"Chicago",100.1
"1506",36.5,"Orlando",101.4
"1507",23,"North Little Rock",NA
"1508",37,"Oakland",NA
"1509",30.75,"Glendale",NA
"1510",35,"Sacramento",120.3
"1511",35,"Detroit",93.2
"1512",58.75,"Alpharetta",NA
"1513",32,"New Orleans",92.4
"1514",35,"Portland",113
"1515",35,"Portland",116.5
"1516",35.5,"Woodlands",NA
"1517",20,"San Antonio",92.7
"1518",20,"Cincinnati",92.4
"1519",20,"Wantagh",NA
"1520",27.75,"San Jose",173.5
"1521",30.25,"Lexington",91.1
"1522",108,"San Diego",136.2
"1523",37,"Boston",132.6
"1524",35.78,"Las Vegas",100.7
"1525",18.75,"Hartford",104.8
"1526",55,"Philadelphia",103.4
"1527",36.5,"Phoenix",104.3
"1528",35,"Raleigh",99.7
"1529",54.47,"Milwaukee",93.8
"1530",55,"Philadelphia",103.4
"1531",66,"Valencia",NA
"1532",55,"Boston",132.6
"1533",39.75,"Rochester",97.3
"1534",39.75,"Rochester",96.6
"1535",22,"Del Mar",NA
"1536",39.5,"Greensboro",91
"1537",25,"Tampa",101.4
"1538",39.5,"North Little Rock",NA
"1539",55,"Rosemont",NA
"1540",39,"Wantagh",NA
"1541",42.45,"Las Vegas",100.7
"1542",29.5,"Bonner Springs",NA
"1543",90,"New Orleans",92.4
"1544",19,"Bristow",NA
"1545",36.5,"Peoria",86.7
"1546",36.5,"Brookings",NA
"1547",12,"Virginia Beach",99
"1548",25,"Burgettstown",NA
"1549",26.25,"Syracuse",95.1
"1550",35,"Raleigh",99.7
"1551",23,"Portland",113
"1552",23,"Portland",116.5
"1553",32.5,"Bangor",98
"1554",39.5,"Holmdel",NA
"1555",35,"Saratoga Springs",NA
"1556",49.5,"New York",128
"1557",40,"Cuyahoga Falls",NA
"1558",29.5,"Inglewood",NA
"1559",35,"Tampa",101.4
"1560",50,"Boston",132.6
"1561",39.5,"St Louis",NA
"1562",70,"East Rutherford",NA
"1563",35.5,"Philadelphia",103.4
"1564",34.5,"Atlanta",100.3
"1565",35.5,"Southaven",NA
"1566",29.75,"Bangor",98
"1567",44.5,"Detroit",93.2
"1568",35,"Nashville",100.1
"1569",35,"Brooklyn",NA
"1570",65,"Philadelphia",103.4
"1571",66,"Foxborough",NA
"1572",69.5,"Stateline",NA
"1573",28.5,"Noblesville",NA
"1574",39.5,"Inglewood",NA
"1575",29.5,"Chula Vista",NA
"1576",39.5,"Chicago",100.1
"1577",49.5,"New York",128
"1578",25,"Auburn",93.7
"1579",25,"Auburn",91.9
"1580",37.5,"Irvine",NA
"1581",35,"Cuyahoga Falls",NA
"1582",39.5,"Jacksonville",99
"1583",39.5,"Jacksonville",91.7
"1584",25,"Phoenix",104.3
"1585",22,"Holmdel",NA
"1586",57.5,"Portland",113
"1587",57.5,"Portland",116.5
"1588",25,"Woodlands",NA
"1589",39.5,"Inglewood",NA
"1590",25,"Mountain View",NA
"1591",59.5,"Toronto",NA
"1592",59.5,"Vancouver",NA
"1593",45,"Boston",132.6
"1594",49.5,"New York",128
"1595",49.5,"Oakland",NA
"1596",50,"Milwaukee",93.8
"1597",31.5,"Barcelona",NA
"1598",24,"Noblesville",NA
"1599",39.5,"Los Angeles",140.6
"1600",25,"Wantagh",NA
"1601",25,"Chula Vista",NA
"1602",29.5,"Irving",NA
"1603",39.5,"Chicago",100.1
"1604",25,"Mountain View",NA
"1605",25,"Charlotte",97.9
"1606",34.75,"Inglewood",NA
"1607",33.75,"Anaheim",NA
"1608",87.16,"Las Vegas",100.7
"1609",29.5,"Nashville",100.1
"1610",25,"West Palm Beach",NA
"1611",29,"Tinley Park",NA
"1612",29.75,"Syracuse",95.1
"1613",39,"Wantagh",NA
"1614",39,"Raleigh",99.7
"1615",29.5,"Camden",NA
"1616",105,"Warsaw",92.3
"1617",30.75,"Bristow",NA
"1618",29.5,"Mountain View",NA
"1619",35,"Cuyahoga Falls",NA
"1620",65.23,"Milwaukee",93.8
"1621",39.25,"Darien Center",NA
"1622",39,"Raleigh",99.7
"1623",34.5,"Brandon",NA
"1624",41.75,"Dallas",98.5
"1625",24,"Noblesville",NA
"1626",39,"Charlotte",97.9
"1627",40,"Bristow",NA
"1628",12,"Springfield",87.5
"1629",12,"Springfield",106.5
"1630",12,"Springfield",86.7
"1631",12,"Springfield",87.5
"1632",23,"Sioux Falls",92.8
"1633",30,"Camden",NA
"1634",65,"Indianapolis",90.2
"1635",40,"Dallas",98.5
"1636",25,"Irving",NA
"1637",29.5,"Tampa",101.4
"1638",65.96,"Nashville",100.1
"1639",25,"Chula Vista",NA
"1640",44.5,"Corpus Christi",93.3
"1641",29.5,"Maryland Heights",NA
"1642",29.5,"Raleigh",99.7
"1643",22,"Milwaukee",93.8
"1644",29.5,"Bristow",NA
"1645",44.5,"Clarkston",NA
"1646",29.5,"Bonner Springs",NA
"1647",43.75,"Toronto",NA
"1648",20,"Saratoga Springs",NA
"1649",29.5,"Camden",NA
"1650",39.5,"Tinley Park",NA
"1651",35,"Burgettstown",NA
"1652",30,"Woodlands",NA
"1653",30,"Chula Vista",NA
"1654",30,"Albuquerque",92.9
"1655",29.5,"Mountain View",NA
"1656",38,"Syracuse",95.1
"1657",40,"Irvine",NA
"1658",34,"Atlanta",100.3
"1659",30,"Darien Center",NA
"1660",103.95,"Edmonton",NA
"1661",62,"Tulsa",86.7
"1662",62,"Fresno",105.9
"1663",29,"Noblesville",NA
"1664",44.5,"Boston",132.6
"1665",30,"Austin",106.6
"1666",25,"Mansfield",86.2
"1667",24,"Noblesville",NA
"1668",61,"Brooklyn",NA
"1669",55.5,"Irvine",NA
"1670",16,"Cincinnati",92.4
"1671",25,"Charlotte",97.9
"1672",25,"Austin",106.6
"1673",25,"Dallas",98.5
"1674",25,"San Diego",136.2
"1675",34.5,"Indianapolis",90.2
"1676",49.5,"Atlanta",100.3
"1677",49.5,"Raleigh",99.7
"1678",59.5,"Chicago",100.1
"1679",50,"San Francisco",178.6
"1680",59.99,"Newark",NA
"1681",35,"Nashville",100.1
"1682",33.25,"Noblesville",NA
"1683",20,"Bethel",NA
"1684",50,"Los Angeles",140.6
"1685",20,"Hartford",104.8
"1686",35.25,"Tinley Park",NA
"1687",35.25,"Tampa",101.4
"1688",40.25,"Irvine",NA
"1689",35.25,"Wantagh",NA
"1690",30,"Welch",NA
"1691",35.5,"Holmdel",NA
"1692",20,"Cincinnati",92.4
"1693",30.75,"Camden",NA
"1694",25,"Dallas",98.5
"1695",43,"Indianapolis",90.2
"1696",27.5,"Los Angeles",140.6
"1697",25,"Detroit",93.2
"1698",215,"George",NA
"1699",39.25,"Darien Center",NA
"1700",29.75,"Eugene",108.4
"1701",29.75,"Bangor",98
"1702",29.75,"Manchester",109.6
"1703",59,"Uncasville",NA
"1704",29.75,"Lincoln",94.7
"1705",30.75,"San Bernardino",NA
"1706",29.75,"Oklahoma City",87.3
"1707",59,"Uncasville",NA
"1708",25,"Woodlands",NA
"1709",25,"Phoenix",104.3
"1710",29.99,"Concord",108.3
"1711",50,"Lafayette",89.6
"1712",50,"Lafayette",88.7
"1713",25,"Tinley Park",NA
"1714",27.5,"Auburn",93.7
"1715",27.5,"Auburn",91.9
"1716",25,"Tampa",101.4
"1717",25,"Bristow",NA
"1718",59.5,"Oakland",NA
"1719",25,"Chula Vista",NA
"1720",10,"Virginia Beach",99
"1721",54,"New Orleans",92.4
"1722",29.5,"Charlotte",97.9
"1723",14,"Cincinnati",92.4
"1724",35,"Burgettstown",NA
"1725",49,"Las Vegas",100.7
"1726",38.75,"Burgettstown",NA
"1727",36,"Noblesville",NA
"1728",29.5,"Woodlands",NA
"1729",28.5,"St Louis",NA
"1730",25,"New York",128
"1731",35,"Nashville",100.1
"1732",31.5,"Chula Vista",NA
"1733",29.5,"Dallas",98.5
"1734",37,"Los Angeles",140.6
"1735",39.5,"East Rutherford",NA
"1736",35.5,"Seattle",124.6
"1737",39.5,"Pasadena",NA
"1738",39.5,"Foxborough",NA
"1739",39.5,"St Louis",NA
"1740",36,"Detroit",93.2
"1741",39.5,"East Rutherford",NA
"1742",35.5,"Philadelphia",103.4
"1743",35,"Irving",NA
"1744",39.5,"Foxborough",NA
"1745",39.5,"Pittsburgh",93.1
"1746",47,"West Palm Beach",NA
"1747",29.5,"Darien Center",NA
"1748",37,"Holmdel",NA
"1749",45,"Columbus",88.5
"1750",45,"Columbus",89.1
"1751",45,"Columbus",93.9
"1752",47,"Philadelphia",103.4
"1753",18.5,"Phoenix",104.3
"1754",34.25,"Bristow",NA
"1755",47,"Chicago",100.1
"1756",27,"Kansas City",91.6
"1757",29,"Seattle",124.6
"1758",54.25,"Mountain View",NA
"1759",26.5,"Tulsa",86.7
"1760",29.5,"Rosemont",NA
"1761",29.5,"Oakland",NA
"1762",29.5,"Brooklyn",NA
"1763",65.23,"Milwaukee",93.8
"1764",24.75,"Glendale",NA
"1765",25.75,"Tampa",101.4
"1766",25.91,"Sacramento",120.3
"1767",39.5,"Irvine",NA
"1768",29.5,"Holmdel",NA
"1769",28.5,"Noblesville",NA
"1770",29.5,"Dallas",98.5
"1771",29.5,"Atlanta",100.3
"1772",29.5,"Auburn",93.7
"1773",29.5,"Auburn",91.9
"1774",29.5,"Wheatland",NA
"1775",28,"Orlando",101.4
"1776",33.45,"Nashville",100.1
"1777",39.5,"Washington",120.1
"1778",29.5,"Ridgefield",NA
"1779",25,"Lincoln",94.7
"1780",16.8,"Valencia",NA
"1781",56.5,"Saint Paul",NA
"1782",56.5,"Saint Paul",NA
"1783",81,"Brooklyn",NA
"1784",55,"Boston",132.6
"1785",79.5,"Newark",NA
"1786",81,"Brooklyn",NA
"1787",55,"Nashville",100.1
"1788",55,"Nashville",100.1
"1789",79.5,"Detroit",93.2
"1790",59.5,"Dallas",98.5
"1791",49.5,"New York",128
"1792",36.65,"Las Vegas",100.7
"1793",100,"Atlantic City",102
"1794",39.5,"Orlando",101.4
"1795",30.47,"Milwaukee",93.8
"1796",28.5,"Pittsburgh",93.1
"1797",45,"Grand Rapids",93.7
"1798",36.5,"Cincinnati",92.4
"1799",45,"Miami Beach",NA
"1800",53.5,"Minneapolis",105.4
"1801",37.25,"Raleigh",99.7
"1802",48.17,"Jacksonville",99
"1803",48.17,"Jacksonville",91.7
"1804",14,"Cincinnati",92.4
"1805",29.5,"Raleigh",99.7
"1806",29.5,"Charlotte",97.9
"1807",20,"Bristow",NA
"1808",36,"Noblesville",NA
"1809",37,"Los Angeles",140.6
"1810",29.75,"Tampa",101.4
"1811",42.5,"Pittsburgh",93.1
"1812",38.25,"West Palm Beach",NA
"1813",37.25,"Charlotte",97.9
"1814",24.75,"Minneapolis",105.4
"1815",20,"Saratoga Springs",NA
"1816",59.75,"Los Angeles",140.6
"1817",39.75,"Detroit",93.2
"1818",35,"Charlotte",97.9
"1819",28.5,"Boston",132.6
"1820",6,"New York",128
"1821",40.25,"Washington",120.1
"1822",54.75,"New York",128
"1823",31.35,"Nashville",100.1
"1824",35,"Columbus",88.5
"1825",35,"Columbus",89.1
"1826",35,"Columbus",93.9
"1827",40.25,"Brooklyn",NA
"1828",39.5,"Inglewood",NA
"1829",31,"Miami",110.1
"1830",35,"Dallas",98.5
"1831",25,"Woodlands",NA
"1832",45,"Nashville",100.1
"1833",49.5,"Inglewood",NA
"1834",49.5,"Dallas",98.5
"1835",49.5,"Chicago",100.1
"1836",49.5,"Washington",120.1
"1837",75.5,"Seattle",124.6
"1838",49.5,"New York",128
"1839",49.5,"San Jose",173.5
"1840",49.5,"Inglewood",NA
"1841",44.75,"Glendale",NA
"1842",69.5,"Chicago",100.1
"1843",56.5,"New York",128
"1844",32,"San Diego",136.2
"1845",39.5,"Nashville",100.1
"1846",46.5,"Los Angeles",140.6
"1847",125,"Philadelphia",103.4
"1848",49.5,"Seattle",124.6
"1849",59.5,"Berkeley",NA
"1850",65,"Cincinnati",92.4
"1851",65,"Milwaukee",93.8
"1852",65,"Grand Rapids",93.7
"1853",93,"Birmingham",90.7
"1854",42,"Detroit",93.2
"1855",56.5,"New York",128
"1856",62,"Salt Lake City",105.9
"1857",62,"Lincoln",94.7
"1858",30.75,"Pittsburgh",93.1
"1859",31,"Woodlands",NA
"1860",25,"Auburn",93.7
"1861",25,"Auburn",91.9
"1862",31,"New Orleans",92.4
"1863",119.5,"London",84.6
"1864",44.5,"Clarkston",NA
"1865",38.75,"Cuyahoga Falls",NA
"1866",39.5,"Tinley Park",NA
"1867",29.5,"Camden",NA
"1868",59,"East Rutherford",NA
"1869",20,"Saratoga Springs",NA
"1870",82,"Toronto",NA
"1871",20,"Bethel",NA
"1872",25,"Phoenix",104.3
"1873",39.5,"Jacksonville",99
"1874",39.5,"Jacksonville",91.7
"1875",59.5,"Columbus",88.5
"1876",59.5,"Columbus",89.1
"1877",59.5,"Columbus",93.9
"1878",22,"Holmdel",NA
"1879",99.5,"Arlington",NA
"1880",33.75,"Noblesville",NA
"1881",35,"Cuyahoga Falls",NA
"1882",45,"Clarkston",NA
"1883",34.75,"Wheatland",NA
"1884",34.5,"Brandon",NA
"1885",34.75,"Tinley Park",NA
"1886",99.5,"Houston",95.8
"1887",44.75,"New York",128
"1888",69.5,"Stateline",NA
"1889",34.75,"Albuquerque",92.9
"1890",36.75,"Baltimore",107
"1891",64,"Lexington",91.1
"1892",34.75,"Alpharetta",NA
"1893",64.5,"Minneapolis",105.4
"1894",59.5,"Atlantic City",102
"1895",25.5,"Clarkston",NA
"1896",87.16,"Las Vegas",100.7
"1897",35,"Hampton",NA
"1898",29.5,"Raleigh",99.7
"1899",34.25,"Bristow",NA
"1900",39.5,"Tulsa",86.7
"1901",35,"Anaheim",NA
"1902",1,"Mí©xico",NA
"1903",64.5,"Greensboro",91
"1904",33.25,"Wantagh",NA
"1905",33.5,"Holmdel",NA
"1906",19.75,"Syracuse",95.1
"1907",1399,"Mí©xico",NA
"1908",2999,"Mí©xico",NA
"1909",1,"Mí©xico",NA
"1910",25,"Raleigh",99.7
"1911",29.75,"Eugene",108.4
"1912",25,"Woodlands",NA
"1913",29.99,"Birmingham",90.7
"1914",25,"Hartford",104.8
"1915",25,"Mansfield",86.2
"1916",25,"Bristow",NA
"1917",61,"Brooklyn",NA
"1918",65.5,"Fresno",105.9
"1919",25,"Austin",106.6
"1920",24,"Noblesville",NA
"1921",100,"Durant",NA
"1922",33.75,"Chula Vista",NA
"1923",36.5,"Austin",106.6
"1924",25,"Clarkston",NA
"1925",29,"West Palm Beach",NA
"1926",25,"Cincinnati",92.4
"1927",20,"Virginia Beach",99
"1928",49.95,"Jacksonville",99
"1929",49.95,"Jacksonville",91.7
"1930",29,"Tampa",101.4
"1931",34,"Albuquerque",92.9
"1932",39,"Woodlands",NA
"1933",41.5,"Mansfield",86.2
"1934",29.75,"Manchester",109.6
"1935",29.75,"North Little Rock",NA
"1936",20,"Hartford",104.8
"1937",29.5,"Darien Center",NA
"1938",25.5,"Virginia Beach",99
"1939",29.5,"Bristow",NA
"1940",29.5,"Tampa",101.4
"1941",29.5,"Raleigh",99.7
"1942",29.75,"Lincoln",94.7
"1943",29.5,"Phoenix",104.3
"1944",29.5,"Mansfield",86.2
"1945",20,"Hartford",104.8
"1946",25,"Chula Vista",NA
"1947",49.5,"Columbus",88.5
"1948",49.5,"Columbus",89.1
"1949",49.5,"Columbus",93.9
"1950",42.25,"Pittsburgh",93.1
"1951",45.5,"Kansas City",91.6
"1952",45.5,"Cleveland",89.5
"1953",45.5,"Cleveland",90
"1954",49.5,"East Rutherford",NA
"1955",44.5,"Atlanta",100.3
"1956",47.5,"Minneapolis",105.4
"1957",46.5,"St Louis",NA
"1958",49.5,"Foxborough",NA
"1959",47.5,"Houston",95.8
"1960",80.5,"Brooklyn",NA
"1961",59.5,"Chicago",100.1
"1962",49.5,"Atlantic City",102
"1963",250,"Atlantic City",102
"1964",59.5,"Atlanta",100.3
"1965",5,"Silver Spring",NA
"1966",59.5,"Chicago",100.1
"1967",10,"Cleveland",89.5
"1968",10,"Cleveland",90
"1969",37.95,"San Antonio",92.7
"1970",6,"Barcelona",NA
"1971",56,"Madrid",NA
"1972",21,"Clarkston",NA
"1973",46.5,"Salt Lake City",105.9
"1974",11.5,"Utrecht",NA
"1975",29.75,"Fort Wayne",86.8
"1976",32.25,"Grand Rapids",93.7
"1977",29.5,"Phoenix",104.3
"1978",29.5,"Chicago",100.1
"1979",35,"Mountain View",NA
"1980",22,"Simpsonville",NA
"1981",50.75,"New York",128
"1982",21,"Noblesville",NA
"1983",55,"Minneapolis",105.4
"1984",60.07,"Milwaukee",93.8
"1985",25,"Mansfield",86.2
"1986",30,"Scranton",91.3
"1987",30,"Bangor",98
"1988",25,"Tampa",101.4
"1989",26,"Clarkston",NA
"1990",25,"Charlotte",97.9
"1991",15,"Gulfport",86.8
"1992",24,"Noblesville",NA
"1993",15.25,"Cincinnati",92.4
"1994",39.5,"Greenville",89.8
"1995",39.5,"Greenville",95
"1996",53,"Oakland",NA
"1997",16.8,"Valencia",NA
"1998",36.5,"Huntsville",91.3
"1999",36.5,"Huntsville",91.2
"2000",34.5,"Memphis",88.2
"2001",25,"Mansfield",86.2
"2002",29.75,"Charlottesville",102.1
"2003",40.7,"Amsterdam",NA
"2004",39.5,"Tupelo",87.2
"2005",39.5,"Las Cruces",88.8
"2006",35.5,"Charleston",83.9
"2007",35.5,"Charleston",101.7
"2008",39.5,"Biloxi",NA
"2009",39.5,"Greensboro",91
"2010",33.75,"Chula Vista",NA
"2011",18.75,"Syracuse",95.1
"2012",59,"East Rutherford",NA
"2013",37.5,"Chicago",100.1
"2014",25,"Nashville",100.1
"2015",50.85,"Niagara Falls",NA
"2016",39.25,"Raleigh",99.7
"2017",37.25,"Phoenix",104.3
"2018",49.5,"Arlington",NA
"2019",47.5,"Houston",95.8
"2020",37.5,"Boise",NA
"2021",49.5,"East Rutherford",NA
"2022",46.5,"St Louis",NA
"2023",49.5,"Foxborough",NA
"2024",44.5,"Atlanta",100.3
"2025",49.5,"Columbus",88.5
"2026",49.5,"Columbus",89.1
"2027",49.5,"Columbus",93.9
"2028",45.5,"Cleveland",89.5
"2029",45.5,"Cleveland",90
"2030",47.5,"Minneapolis",105.4
"2031",42.25,"Pittsburgh",93.1
"2032",25,"Phoenix",104.3
"2033",29.5,"Mountain View",NA
"2034",59,"Detroit",93.2
"2035",33,"Mansfield",86.2
"2036",125,"Philadelphia",103.4
"2037",30,"Maryland Heights",NA
"2038",25,"Hartford",104.8
"2039",22,"Tinley Park",NA
"2040",49.5,"Atlanta",100.3
"2041",34.5,"Nashville",100.1
"2042",65.23,"Milwaukee",93.8
"2043",446,"Nijmegen",NA
"2044",566,"Nijmegen",NA
"2045",226,"Nijmegen",NA
"2046",488,"Mí©xico",NA
"2047",25,"Charlotte",97.9
"2048",22,"Tinley Park",NA
"2049",36.5,"Brookings",NA
"2050",34,"Atlanta",100.3
"2051",21,"Noblesville",NA
"2052",29.5,"Bonner Springs",NA
"2053",23,"Portland",113
"2054",23,"Portland",116.5
"2055",31,"Woodlands",NA
"2056",12,"Virginia Beach",99
"2057",21,"Scranton",91.3
"2058",19,"Bristow",NA
"2059",25,"Darien Center",NA
"2060",29.5,"Nashville",100.1
"2061",29.5,"Indianapolis",90.2
"2062",60.07,"Milwaukee",93.8
"2063",27.5,"Mountain View",NA
"2064",42.75,"East Providence",NA
"2065",20,"Saratoga Springs",NA
"2066",29.5,"Independence",NA
"2067",54.13,"Las Vegas",100.7
"2068",55,"Rosemont",NA
"2069",35,"Honolulu",158
"2070",35,"Phoenix",104.3
"2071",39,"Dallas",98.5
"2072",49.5,"Chicago",100.1
"2073",125,"Philadelphia",103.4
"2074",49.5,"Chicago",100.1
"2075",39,"Wantagh",NA
"2076",30,"Bristow",NA
"2077",25,"Burgettstown",NA
"2078",39.6,"Amsterdam",NA
"2079",55,"Woodlands",NA
"2080",35,"Maryland Heights",NA
"2081",12,"Las Vegas",100.7
"2082",12.21,"Amsterdam",NA
"2083",43.5,"Noblesville",NA
"2084",49.5,"Albuquerque",92.9
"2085",29.5,"Inglewood",NA
"2086",35,"West Palm Beach",NA
"2087",26,"Virginia Beach",99
"2088",26.5,"New Orleans",92.4
"2089",29.5,"Columbia",89.8
"2090",29.5,"Columbia",91.9
"2091",35,"Tinley Park",NA
"2092",19,"Dallas",98.5
"2093",18.75,"Hartford",104.8
"2094",15.25,"Cincinnati",92.4
"2095",37.95,"Palencia",NA
"2096",34.25,"Raleigh",99.7
"2097",82.5,"Nijmegen",NA
"2098",363,"Nijmegen",NA
"2099",29.5,"Darien Center",NA
"2100",34.25,"Wheatland",NA
"2101",305,"Hannover",NA
"2102",355,"Hannover",NA
"2103",450,"Hannover",NA
"2104",589,"Hannover",NA
"2105",29.5,"Bristow",NA
"2106",28.5,"Noblesville",NA
"2107",91.9,"Hannover",NA
"2108",1995,"Stockholm",NA
"2109",30.75,"New York",128
"2110",34,"Phoenix",104.3
"2111",49.5,"New Orleans",92.4
"2112",52.5,"University Park",NA
"2113",49.5,"Oakland",NA
"2114",55,"Chicago",100.1
"2115",129,"Uncasville",NA
"2116",53.5,"Atlanta",100.3
"2117",49.5,"San Antonio",92.7
"2118",53.5,"Milwaukee",93.8
"2119",49.5,"Saint Paul",NA
"2120",49.5,"Albany",87.3
"2121",49.5,"Albany",105.4
"2122",49.5,"Albany",100.1
"2123",25.75,"Bangor",98
"2124",25,"New Orleans",92.4
"2125",27,"Newark",NA
"2126",74.3,"Mt Claremont",NA
"2127",25.75,"Independence",NA
"2128",20,"Charleston",83.9
"2129",20,"Charleston",101.7
"2130",30,"Huntsville",91.3
"2131",30,"Huntsville",91.2
"2132",25,"Jackson",87.4
"2133",25,"Jackson",87.8
"2134",25,"Jackson",85.2
"2135",28,"Greensboro",91
"2136",18,"Doswell",NA
"2137",29.5,"Maryland Heights",NA
"2138",20,"Indianapolis",90.2
"2139",27.5,"Houston",95.8
"2140",20,"Portland",113
"2141",20,"Portland",116.5
"2142",25,"San Francisco",178.6
"2143",25,"Boston",132.6
"2144",104.5,"Lexington",91.1
"2145",34.25,"Maryland Heights",NA
"2146",45,"Atlanta",100.3
"2147",34.25,"Charlotte",97.9
"2148",49.5,"Washington",120.1
"2149",49.5,"Columbus",88.5
"2150",49.5,"Columbus",89.1
"2151",49.5,"Columbus",93.9
"2152",45,"Boston",132.6
"2153",59.5,"New York",128
"2154",20,"Saint Paul",NA
"2155",49.5,"Detroit",93.2
"2156",70,"Cedar Rapids",88.1
"2157",80,"Newark",NA
"2158",49.5,"Milwaukee",93.8
"2159",49.5,"Indianapolis",90.2
"2160",29.5,"Tinley Park",NA
"2161",39.5,"Pasadena",NA
"2162",37,"Tampa",101.4
"2163",36.75,"Omaha",92.9
"2164",39.5,"Houston",95.8
"2165",35.5,"Kansas City",91.6
"2166",36.5,"Nashville",100.1
"2167",39.5,"East Rutherford",NA
"2168",35.5,"Seattle",124.6
"2169",35.5,"Chicago",100.1
"2170",39.5,"East Rutherford",NA
"2171",38.25,"Bristow",NA
"2172",37.25,"Noblesville",NA
"2173",34,"Portland",113
"2174",34,"Portland",116.5
"2175",25,"Atlanta",100.3
"2176",29.75,"Denver",112.1
"2177",38,"Auburn",93.7
"2178",38,"Auburn",91.9
"2179",32.75,"Noblesville",NA
"2180",59,"Uncasville",NA
"2181",29.75,"Oklahoma City",87.3
"2182",32.5,"Orlando",101.4
"2183",25,"Wantagh",NA
"2184",25,"San Diego",136.2
"2185",32.5,"Minneapolis",105.4
"2186",39,"Las Vegas",100.7
"2187",35,"Denver",112.1
"2188",32,"Seattle",124.6
"2189",30,"Atlanta",100.3
"2190",39.5,"San Francisco",178.6
"2191",30,"Miami",110.1
"2192",39,"Tucson",97.7
"2193",34.25,"Chula Vista",NA
"2194",20,"Syracuse",95.1
"2195",34.75,"Tampa",101.4
"2196",59.5,"Atlantic City",102
"2197",64.4,"Glendale",NA
"2198",74.5,"Dallas",98.5
"2199",59.5,"Oakland",NA
"2200",55,"Boston",132.6
"2201",46.5,"Saint Paul",NA
"2202",55.5,"Miami",110.1
"2203",99.5,"New York",128
"2204",59.5,"Detroit",93.2
"2205",59.5,"Chicago",100.1
"2206",55.5,"Tacoma",NA
"2207",60.5,"Seattle",124.6
"2208",26,"Glendale",NA
"2209",26.75,"Seattle",124.6
"2210",25,"Atlanta",100.3
"2211",28,"San Diego",136.2
"2212",39.5,"San Francisco",178.6
"2213",26.75,"Raleigh",99.7
"2214",30.75,"Columbus",88.5
"2215",30.75,"Columbus",89.1
"2216",30.75,"Columbus",93.9
"2217",30.75,"Detroit",93.2
"2218",30.75,"Dallas",98.5
"2219",39.95,"Brooklyn",NA
"2220",39.95,"Sugar Land",NA
"2221",79.5,"Detroit",93.2
"2222",66.5,"Tulsa",86.7
"2223",59.5,"Dallas",98.5
"2224",93.05,"Atlanta",100.3
"2225",55,"Boston",132.6
"2226",56.5,"Tulsa",86.7
"2227",79.5,"Newark",NA
"2228",39.95,"Inglewood",NA
"2229",49.95,"Phoenix",104.3
"2230",79.5,"Mountain View",NA
"2231",20,"Vancouver",NA
"2232",59.95,"Irving",NA
"2233",215,"George",NA
"2234",45.95,"Miami",110.1
"2235",39.95,"Inglewood",NA
"2236",49,"Miami",110.1
"2237",18,"Funner",NA
"2238",59.95,"Indianapolis",90.2
"2239",97.45,"New York",128
"2240",55.5,"Miami",110.1
"2241",55,"New Orleans",92.4
"2242",69.99,"Saint Paul",NA
"2243",64.45,"Dallas",98.5
"2244",56.45,"Columbus",88.5
"2245",56.45,"Columbus",89.1
"2246",56.45,"Columbus",93.9
"2247",59.45,"Detroit",93.2
"2248",51.99,"San Antonio",92.7
"2249",54.95,"Sunrise",NA
"2250",54.95,"Oklahoma City",87.3
"2251",39.95,"Rosemont",NA
"2252",29.5,"Hartford",104.8
"2253",34.5,"Montreal",NA
"2254",49.5,"San Antonio",92.7
"2255",49.5,"Chicago",100.1
"2256",45.75,"Tampa",101.4
"2257",45,"Nashville",100.1
"2258",46.5,"St Louis",NA
"2259",49.5,"Charlotte",97.9
"2260",19.5,"Hershey",NA
"2261",46.5,"New Orleans",92.4
"2262",45.25,"Sunrise",NA
"2263",49.5,"Dallas",98.5
"2264",91.28,"Las Vegas",100.7
"2265",79.5,"Detroit",93.2
"2266",91.28,"Las Vegas",100.7
"2267",59.5,"Dallas",98.5
"2268",56.5,"Saint Paul",NA
"2269",55,"Nashville",100.1
"2270",55,"Nashville",100.1
"2271",91.28,"Las Vegas",100.7
"2272",35,"Bonner Springs",NA
"2273",29.5,"Camden",NA
"2274",81,"Brooklyn",NA
"2275",81,"Brooklyn",NA
"2276",32.5,"Indianapolis",90.2
"2277",27.5,"Charlotte",97.9
"2278",26.5,"Charleston",83.9
"2279",26.5,"Charleston",101.7
"2280",35,"Council Bluffs",NA
"2281",29.5,"Dallas",98.5
"2282",47,"Alpharetta",NA
"2283",37,"Tampa",101.4
"2284",29.5,"Mountain View",NA
"2285",37.5,"Irvine",NA
"2286",31.5,"Chula Vista",NA
"2287",29.5,"Tinley Park",NA
"2288",29.5,"Woodlands",NA
"2289",29.5,"Wilmington",99
"2290",30,"Los Angeles",140.6
"2291",27.5,"Indianapolis",90.2
"2292",25,"Chesterfield",NA
"2293",37,"Los Angeles",140.6
"2294",39.5,"Foxborough",NA
"2295",24.5,"Portsmouth",84.7
"2296",27,"Asheville",103.3
"2297",55.5,"Miami",110.1
"2298",46.5,"Salt Lake City",105.9
"2299",80.5,"Brooklyn",NA
"2300",24.5,"Cincinnati",92.4
"2301",25,"Detroit",93.2
"2302",25,"Silver Spring",NA
"2303",25,"Seattle",124.6
"2304",59.5,"Chicago",100.1
"2305",32.75,"Orange Beach",NA
"2306",20,"Saratoga Springs",NA
"2307",29.5,"Chicago",100.1
"2308",39.5,"Atlantic City",102
"2309",29.5,"Tinley Park",NA
"2310",45,"Nashville",100.1
"2311",59.5,"Inglewood",NA
"2312",35,"Chesterfield",NA
"2313",34.5,"West Sacramento",NA
"2314",89,"Woodlands",NA
"2315",37,"Los Angeles",140.6
"2316",35,"Seattle",124.6
"2317",32.25,"Grand Rapids",93.7
"2318",30.75,"Clarkston",NA
"2319",46.75,"Bethel",NA
"2320",38.75,"Cuyahoga Falls",NA
"2321",31.55,"Nashville",100.1
"2322",39,"Wheatland",NA
"2323",24.5,"Cincinnati",92.4
"2324",30.75,"San Bernardino",NA
"2325",35.5,"Atlanta",100.3
"2326",40,"Mountain View",NA
"2327",39.5,"Chula Vista",NA
"2328",23.5,"Mansfield",86.2
"2329",39,"Wantagh",NA
"2330",55,"Rosemont",NA
"2331",60.07,"Milwaukee",93.8
"2332",45,"New York",128
"2333",35.5,"Clarkston",NA
"2334",69.5,"Stateline",NA
"2335",89.5,"London",84.6
"2336",25,"Darien Center",NA
"2337",47.45,"Inglewood",NA
"2338",54.95,"Glendale",NA
"2339",59.95,"Charlotte",97.9
"2340",84.95,"Tampa",101.4
"2341",59.95,"Portland",113
"2342",59.95,"Portland",116.5
"2343",132.45,"New York",128
"2344",43.89,"Sacramento",120.3
"2345",69.95,"Nashville",100.1
"2346",59.45,"Detroit",93.2
"2347",43.45,"San Jose",173.5
"2348",26.5,"Sunrise",NA
"2349",39,"Miami",110.1
"2350",26.25,"Boston",132.6
"2351",28.75,"Portland",113
"2352",28.75,"Portland",116.5
"2353",29.25,"Uniondale",NA
"2354",89.5,"Irving",NA
"2355",31.25,"Cincinnati",92.4
"2356",20,"Saratoga Springs",NA
"2357",34.75,"Maryland Heights",NA
"2358",34.75,"Chula Vista",NA
"2359",34.75,"Camden",NA
"2360",34.75,"Mansfield",86.2
"2361",39.75,"Anaheim",NA
"2362",34.75,"Darien Center",NA
"2363",54.5,"Cedar Rapids",88.1
"2364",39.75,"Inglewood",NA
"2365",34.75,"Bristow",NA
"2366",25,"Charlotte",97.9
"2367",25,"Chula Vista",NA
"2368",33.75,"Wheatland",NA
"2369",34.5,"Wantagh",NA
"2370",25,"Anaheim",NA
"2371",34.75,"Tinley Park",NA
"2372",33.75,"Maryland Heights",NA
"2373",25.5,"Clarkston",NA
"2374",29.99,"Concord",108.3
"2375",27.5,"Auburn",93.7
"2376",27.5,"Auburn",91.9
"2377",125,"Philadelphia",103.4
"2378",10,"Virginia Beach",99
"2379",25,"Tampa",101.4
"2380",29.75,"Salt Lake City",105.9
"2381",29.75,"Fort Wayne",86.8
"2382",29.75,"Providence",111.5
"2383",29.5,"Charlotte",97.9
"2384",28,"Holmdel",NA
"2385",15.25,"Cincinnati",92.4
"2386",30.25,"Lexington",91.1
"2387",29.5,"Burgettstown",NA
"2388",20,"Hershey",NA
"2389",44.5,"Maryland Heights",NA
"2390",33.75,"Charlotte",97.9
"2391",20,"New York",128
"2392",33.75,"Anaheim",NA
"2393",20,"Lancaster",99.5
"2394",20,"Columbus",88.5
"2395",20,"Columbus",89.1
"2396",20,"Columbus",93.9
"2397",30,"Dallas",98.5
"2398",30,"Mansfield",86.2
"2399",30,"Tampa",101.4
"2400",34.75,"Inglewood",NA
"2401",39.95,"Fairfax",NA
"2402",29.75,"Sacramento",120.3
"2403",35.95,"Boston",132.6
"2404",23,"Groningen",NA
"2405",29.75,"Syracuse",95.1
"2406",33.2,"El Paso",88.6
"2407",32.5,"Cuyahoga Falls",NA
"2408",39.5,"Fresno",105.9
"2409",29.95,"Greensboro",91
"2410",29.75,"Providence",111.5
"2411",45,"Reading",96
"2412",56.2,"Tampa",101.4
"2413",36.95,"Salt Lake City",105.9
"2414",59.75,"Irvine",NA
"2415",27,"Tampa",101.4
"2416",79.5,"New York",128
"2417",74.5,"Dallas",98.5
"2418",59.5,"Detroit",93.2
"2419",55.5,"Miami",110.1
"2420",60.5,"Brooklyn",NA
"2421",59.5,"Inglewood",NA
"2422",59.5,"Atlanta",100.3
"2423",59.5,"Oakland",NA
"2424",25,"Bangor",98
"2425",59.5,"Washington",120.1
"2426",99.5,"New York",128
"2427",39.5,"Washington",120.1
"2428",25,"Dallas",98.5
"2429",30,"Nashville",100.1
"2430",25,"Phoenix",104.3
"2431",25,"Albuquerque",92.9
"2432",25,"Camden",NA
"2433",16.5,"Cincinnati",92.4
"2434",21,"Clarkston",NA
"2435",32.5,"Irvine",NA
"2436",25,"Woodlands",NA
"2437",82.14,"St Augustine",NA
"2438",39,"Allentown",98.9
"2439",37,"Cuyahoga Falls",NA
"2440",25,"Atlanta",100.3
"2441",37,"Tampa",101.4
"2442",34.75,"Atlanta",100.3
"2443",25,"Alpharetta",NA
"2444",29.5,"Uncasville",NA
"2445",39.5,"Irvine",NA
"2446",25,"Detroit",93.2
"2447",29.5,"Auburn",93.7
"2448",29.5,"Auburn",91.9
"2449",29.5,"Atlanta",100.3
"2450",29.5,"Ridgefield",NA
"2451",29.5,"Dallas",98.5
"2452",28.5,"Noblesville",NA
"2453",29.5,"Holmdel",NA
"2454",29.5,"Mansfield",86.2
"2455",29.5,"Albuquerque",92.9
"2456",13.2,"Amsterdam",NA
"2457",25.5,"Clarkston",NA
"2458",59.5,"Atlanta",100.3
"2459",20,"Montclair",NA
"2460",63.5,"Lisbon",NA
"2461",33,"Toronto",NA
"2462",49,"Las Vegas",100.7
"2463",25,"Wilkes-Barre",NA
"2464",23.5,"Mansfield",86.2
"2465",25,"New York",128
"2466",55,"Rosemont",NA
"2467",20,"Wallingford",NA
"2468",79.5,"Detroit",93.2
"2469",66.5,"Tulsa",86.7
"2470",79.5,"Newark",NA
"2471",55,"Boston",132.6
"2472",55,"Boston",132.6
"2473",56.5,"Saint Paul",NA
"2474",79.5,"Newark",NA
"2475",59.5,"Dallas",98.5
"2476",73.65,"Brisbane",NA
"2477",56.5,"Tulsa",86.7
"2478",49.5,"Honolulu",158
"2479",42.45,"Las Vegas",100.7
"2480",17.25,"Hartford",104.8
"2481",25,"Mansfield",86.2
"2482",20,"Albuquerque",92.9
"2483",45,"Clarkston",NA
"2484",25,"Burgettstown",NA
"2485",32.5,"Biloxi",NA
"2486",19,"Dallas",98.5
"2487",32,"Hollywood",NA
"2488",26.5,"St Louis",NA
"2489",32,"Las Vegas",100.7
"2490",27.5,"Dallas",98.5
"2491",25,"Wantagh",NA
"2492",39.5,"North Little Rock",NA
"2493",27.5,"North Myrtle Beach",NA
"2494",29.5,"Dallas",98.5
"2495",61,"Albany",87.3
"2496",61,"Albany",105.4
"2497",61,"Albany",100.1
"2498",58.25,"El Paso",88.6
"2499",63,"Portland",113
"2500",63,"Portland",116.5
"2501",61,"Raleigh",99.7
"2502",61.44,"Sacramento",120.3
"2503",70.5,"Nashville",100.1
"2504",75,"Charlotte",97.9
"2505",71.5,"Pittsburgh",93.1
"2506",35.5,"Anaheim",NA
"2507",24,"Noblesville",NA
"2508",61,"Louisville",91.6
"2509",65,"University Park",NA
"2510",33.75,"Raleigh",99.7
"2511",34.75,"Holmdel",NA
"2512",30.75,"Chicago",100.1
"2513",29.75,"Charleston",83.9
"2514",29.75,"Charleston",101.7
"2515",29,"Cincinnati",92.4
"2516",20,"Saratoga Springs",NA
"2517",35.5,"Mansfield",86.2
"2518",20,"Hartford",104.8
"2519",29.75,"Bangor",98
"2520",59,"Uncasville",NA
"2521",34.75,"Bristow",NA
"2522",29.75,"Charlottesville",102.1
"2523",36.5,"Dallas",98.5
"2524",30,"Cincinnati",92.4
"2525",23.5,"Charlottesville",102.1
"2526",26.75,"Portland",113
"2527",26.75,"Portland",116.5
"2528",31,"Camden",NA
"2529",35,"Kansas City",91.6
"2530",25,"Atlanta",100.3
"2531",30,"Greenville",89.8
"2532",30,"Greenville",95
"2533",28.5,"Concord",108.3
"2534",20,"Park City",NA
"2535",37.25,"Albuquerque",92.9
"2536",22,"Cedar Rapids",88.1
"2537",39.95,"Oakland",NA
"2538",40.5,"Mansfield",86.2
"2539",90,"Las Vegas",100.7
"2540",29.5,"Maryland Heights",NA
"2541",29.5,"Hollywood",NA
"2542",102.5,"Austin",106.6
"2543",89.5,"Irving",NA
"2544",108,"San Diego",136.2
"2545",79.5,"Mountain View",NA
"2546",29.5,"Hollywood",NA
"2547",29.5,"Hollywood",NA
"2548",150,"Atlanta",100.3
"2549",89,"Woodlands",NA
"2550",78.53,"Melbourne",99.3
"2551",78.53,"Melbourne",99.3
"2552",79.9,"Auckland",NA
"2553",37,"Cuyahoga Falls",NA
"2554",34,"Philadelphia",103.4
"2555",23.5,"Mansfield",86.2
"2556",39,"Wantagh",NA
"2557",50,"Milwaukee",93.8
"2558",55,"Anaheim",NA
"2559",49.5,"Dallas",98.5
"2560",27.75,"Salt Lake City",105.9
"2561",49.5,"Pittsburgh",93.1
"2562",49.5,"Indianapolis",90.2
"2563",61,"New York",128
"2564",49.5,"Memphis",88.2
"2565",47.14,"Sacramento",120.3
"2566",49.5,"Raleigh",99.7
"2567",53,"Charlotte",97.9
"2568",49.5,"Portland",113
"2569",49.5,"Portland",116.5
"2570",45,"Philadelphia",103.4
"2571",26,"Clarkston",NA
"2572",50,"Nashville",100.1
"2573",29.5,"Chicago",100.1
"2574",91.5,"Los Angeles",140.6
"2575",29.75,"Salt Lake City",105.9
"2576",25,"Tampa",101.4
"2577",17,"Monroe",86.5
"2578",17,"Monroe",90.5
"2579",42.25,"New Orleans",92.4
"2580",42.25,"New Orleans",92.4
"2581",18.75,"Cincinnati",92.4
"2582",39.95,"San Diego",136.2
"2583",42,"Nashville",100.1
"2584",28,"Pittsburgh",93.1
"2585",29.5,"San Antonio",92.7
"2586",25.5,"Atlanta",100.3
"2587",26.5,"Saint Paul",NA
"2588",26.5,"Orlando",101.4
"2589",25.5,"Miami",110.1
"2590",25,"Boston",132.6
"2591",29.5,"Newark",NA
"2592",25.5,"Washington",120.1
"2593",24.5,"Detroit",93.2
"2594",29.5,"Raleigh",99.7
"2595",59.75,"Los Angeles",140.6
"2596",29.5,"Mansfield",86.2
"2597",65,"North Little Rock",NA
"2598",29.75,"Sacramento",120.3
"2599",50.5,"Clarkston",NA
"2600",102.5,"Austin",106.6
"2601",66,"Foxborough",NA
"2602",29.5,"Maryland Heights",NA
"2603",150,"Atlanta",100.3
"2604",25,"Montclair",NA
"2605",35,"Primm",NA
"2606",29.5,"Hollywood",NA
"2607",36,"Detroit",93.2
"2608",47.35,"Los Angeles",140.6
"2609",39.5,"Atlantic City",102
"2610",30,"Boston",132.6
"2611",49,"Miami",110.1
"2612",25,"Virginia Beach",99
"2613",25,"Mountain View",NA
"2614",27,"Denver",112.1
"2615",39.5,"Pittsburgh",93.1
"2616",25,"Mansfield",86.2
"2617",37.5,"Minneapolis",105.4
