"","...1","...2","City","State","Month","Average_Min_Price","Latitude","Longitude","Population","Color"
"1",1,1,"Albany","NY","October",55.25,42.6664,-73.7987,590694,"blue"
"2",2,2,"Albuquerque","NM","August",28.8928571428571,35.1054,-106.6465,769986,"green"
"3",3,3,"Albuquerque","NM","July",38.9166666666667,35.1054,-106.6465,769986,"blue"
"4",4,4,"Allentown","PA","September",39,40.5961,-75.4756,627863,"blue"
"5",5,5,"Alpharetta","GA","August",25,34.0704,-84.2738,65884,"green"
"6",6,6,"Alpharetta","GA","July",58.75,34.0704,-84.2738,65884,"blue"
"7",7,7,"Alpharetta","GA","June",34.75,34.0704,-84.2738,65884,"blue"
"8",8,8,"Alpharetta","GA","September",47,34.0704,-84.2738,65884,"blue"
"9",9,9,"Anaheim","CA","August",37.625,33.839,-117.8574,347111,"blue"
"10",10,10,"Anaheim","CA","July",35,33.839,-117.8574,347111,"blue"
"11",11,11,"Anaheim","CA","June",25,33.839,-117.8574,347111,"green"
"12",12,12,"Anaheim","CA","November",55,33.839,-117.8574,347111,"blue"
"13",13,13,"Anaheim","CA","October",33.75,33.839,-117.8574,347111,"blue"
"14",14,14,"Arlington","TX","June",99.5,32.6998,-97.125,393469,"red"
"15",15,15,"Arlington","TX","October",47,32.6998,-97.125,393469,"blue"
"16",16,16,"Asheville","NC","June",27,35.5707,-82.5537,294013,"green"
"17",17,17,"Atlanta","GA","April",72.0561538461538,33.7628,-84.422,5180179,"orange"
"18",18,18,"Atlanta","GA","August",42.6666666666667,33.7628,-84.422,5180179,"blue"
"19",19,19,"Atlanta","GA","January",53.5,33.7628,-84.422,5180179,"blue"
"20",20,20,"Atlanta","GA","July",29.3,33.7628,-84.422,5180179,"green"
"21",21,21,"Atlanta","GA","June",73.248,33.7628,-84.422,5180179,"orange"
"22",22,22,"Atlanta","GA","March",52.0290909090909,33.7628,-84.422,5180179,"blue"
"23",23,23,"Atlanta","GA","May",61.8121739130435,33.7628,-84.422,5180179,"orange"
"24",24,24,"Atlanta","GA","November",55.2728571428571,33.7628,-84.422,5180179,"blue"
"25",25,25,"Atlanta","GA","October",52.74,33.7628,-84.422,5180179,"blue"
"26",26,26,"Atlanta","GA","September",45.31,33.7628,-84.422,5180179,"blue"
"27",27,27,"Atlantic City","NJ","July",82.55,39.3797,-74.4527,38487,"orange"
"28",28,28,"Atlantic City","NJ","June",100,39.3797,-74.4527,38487,"red"
"29",29,29,"Auburn","WA","August",35,47.3039,-122.2108,85623,"blue"
"30",30,30,"Auburn","WA","July",28.0833333333333,47.3039,-122.2108,85623,"green"
"31",31,31,"Auburn","WA","June",27.5,47.3039,-122.2108,85623,"green"
"32",32,32,"Auburn","WA","October",38,47.3039,-122.2108,85623,"blue"
"33",33,33,"Austin","TX","April",97.6166666666667,30.3005,-97.7522,1905945,"red"
"34",34,34,"Austin","TX","August",79.2983333333333,30.3005,-97.7522,1905945,"orange"
"35",35,35,"Austin","TX","July",75.04,30.3005,-97.7522,1905945,"orange"
"36",36,36,"Austin","TX","June",86.0277777777778,30.3005,-97.7522,1905945,"orange"
"37",37,37,"Austin","TX","March",155.9,30.3005,-97.7522,1905945,"black"
"38",38,38,"Austin","TX","May",87.055,30.3005,-97.7522,1905945,"orange"
"39",39,39,"Baltimore","MD","July",27.75,39.3051,-76.6144,2196524,"green"
"40",40,40,"Baltimore","MD","November",36.75,39.3051,-76.6144,2196524,"blue"
"41",41,41,"Bangor","ME","August",29.75,44.8323,-68.7906,31705,"green"
"42",42,42,"Bangor","ME","June",28.125,44.8323,-68.7906,31705,"green"
"43",43,43,"Bangor","ME","November",25.75,44.8323,-68.7906,31705,"green"
"44",44,44,"Bangor","ME","September",29.75,44.8323,-68.7906,31705,"green"
"45",45,45,"Berkeley","CA","September",59.5,37.8722,-122.276,121385,"blue"
"46",46,46,"Bethel","NY","July",33.375,NA,NA,NA,"blue"
"47",47,47,"Biloxi","MS","August",32.5,30.4426,-88.9514,49141,"blue"
"48",48,48,"Biloxi","MS","September",39.5,30.4426,-88.9514,49141,"blue"
"49",49,49,"Birmingham","AL","August",35,33.5279,-86.7971,782111,"blue"
"50",50,50,"Birmingham","AL","January",93,33.5279,-86.7971,782111,"red"
"51",51,51,"Birmingham","AL","July",29.99,33.5279,-86.7971,782111,"green"
"52",52,52,"Boise","ID","October",37.5,43.6005,-116.2308,449776,"blue"
"53",53,53,"Bonner Springs","KS","August",29.5,39.0817,-94.8776,7770,"green"
"54",54,54,"Bonner Springs","KS","July",35,39.0817,-94.8776,7770,"blue"
"55",55,55,"Boston","MA","April",63.0280555555556,42.3188,-71.0852,4328315,"orange"
"56",56,56,"Boston","MA","August",59.6133333333333,42.3188,-71.0852,4328315,"blue"
"57",57,57,"Boston","MA","December",168.97,42.3188,-71.0852,4328315,"black"
"58",58,58,"Boston","MA","July",42.0175,42.3188,-71.0852,4328315,"blue"
"59",59,59,"Boston","MA","June",75.85,42.3188,-71.0852,4328315,"orange"
"60",60,60,"Boston","MA","March",68.1186666666667,42.3188,-71.0852,4328315,"orange"
"61",61,61,"Boston","MA","May",89.8241176470588,42.3188,-71.0852,4328315,"orange"
"62",62,62,"Boston","MA","November",80.38,42.3188,-71.0852,4328315,"orange"
"63",63,63,"Boston","MA","October",89.8,42.3188,-71.0852,4328315,"orange"
"64",64,64,"Boston","MA","September",68.2222222222222,42.3188,-71.0852,4328315,"orange"
"65",65,65,"Brandon","MS","July",34.5,32.2778,-89.9896,25142,"blue"
"66",66,66,"Bristow","VA","August",29,NA,NA,NA,"green"
"67",67,67,"Bristow","VA","July",31.9,NA,NA,NA,"blue"
"68",68,68,"Bristow","VA","June",34.5,NA,NA,NA,"blue"
"69",69,69,"Bristow","VA","October",34.75,NA,NA,NA,"blue"
"70",70,70,"Brookings","SD","October",36.5,44.3022,-96.7859,23530,"blue"
"71",71,71,"Brooklyn","NY","August",62.75,40.6501,-73.9496,2736074,"orange"
"72",72,72,"Brooklyn","NY","July",61,40.6501,-73.9496,2736074,"orange"
"73",73,73,"Brooklyn","NY","June",50.4166666666667,40.6501,-73.9496,2736074,"blue"
"74",74,74,"Brooklyn","NY","October",72.79,40.6501,-73.9496,2736074,"orange"
"75",75,75,"Burgettstown","PA","August",29.5625,40.3814,-80.3926,1314,"green"
"76",76,76,"Burgettstown","PA","July",27.25,40.3814,-80.3926,1314,"green"
"77",77,77,"Burgettstown","PA","June",36.3333333333333,40.3814,-80.3926,1314,"blue"
"78",78,78,"Camden","NJ","August",30.3125,39.9361,-75.1073,71799,"blue"
"79",79,79,"Camden","NJ","July",25,39.9361,-75.1073,71799,"green"
"80",80,80,"Camden","NJ","June",30.8125,39.9361,-75.1073,71799,"blue"
"81",81,81,"Cedar Rapids","IA","August",62.25,41.9662,-91.6783,191104,"orange"
"82",82,82,"Cedar Rapids","IA","June",22,41.9662,-91.6783,191104,"green"
"83",83,83,"Charleston","SC","September",31,32.8168,-79.9687,706884,"blue"
"84",84,84,"Charleston","WV","October",20,38.3484,-81.6322,129754,"green"
"85",85,85,"Charleston","WV","September",29.75,38.3484,-81.6322,129754,"green"
"86",86,86,"Charlotte","NC","August",39,35.2083,-80.8303,1427444,"blue"
"87",87,87,"Charlotte","NC","January",53,35.2083,-80.8303,1427444,"blue"
"88",88,88,"Charlotte","NC","July",31.4583333333333,35.2083,-80.8303,1427444,"blue"
"89",89,89,"Charlotte","NC","June",30.1,35.2083,-80.8303,1427444,"blue"
"90",90,90,"Charlotte","NC","March",59.95,35.2083,-80.8303,1427444,"blue"
"91",91,91,"Charlotte","NC","October",52.9166666666667,35.2083,-80.8303,1427444,"blue"
"92",92,92,"Charlotte","NC","September",28.8333333333333,35.2083,-80.8303,1427444,"green"
"93",93,93,"Charlottesville","NC","October",23.5,NA,NA,NA,"green"
"94",94,94,"Charlottesville","NC","September",29.75,NA,NA,NA,"green"
"95",95,95,"Chesterfield","MO","August",25,38.6589,-90.5803,49645,"green"
"96",96,96,"Chesterfield","MO","June",35,38.6589,-90.5803,49645,"blue"
"97",97,97,"Chicago","IL","April",86.5095833333333,41.8375,-87.6866,8497759,"orange"
"98",98,98,"Chicago","IL","August",45.1875,41.8375,-87.6866,8497759,"blue"
"99",99,99,"Chicago","IL","July",62.769,41.8375,-87.6866,8497759,"orange"
"100",100,100,"Chicago","IL","June",60.7463636363636,41.8375,-87.6866,8497759,"orange"
"101",101,101,"Chicago","IL","March",67.1975,41.8375,-87.6866,8497759,"orange"
"102",102,102,"Chicago","IL","May",82.5361538461539,41.8375,-87.6866,8497759,"orange"
"103",103,103,"Chicago","IL","October",67.9733333333333,41.8375,-87.6866,8497759,"orange"
"104",104,104,"Chicago","IL","September",56.1666666666667,41.8375,-87.6866,8497759,"blue"
"105",105,105,"Chula Vista","CA","August",28.25,32.6281,-117.0144,276103,"green"
"106",106,106,"Chula Vista","CA","July",31.0833333333333,32.6281,-117.0144,276103,"blue"
"107",107,107,"Chula Vista","CA","June",33.75,32.6281,-117.0144,276103,"blue"
"108",108,108,"Chula Vista","CA","September",37.75,32.6281,-117.0144,276103,"blue"
"109",109,109,"Cincinnati","OH","August",20.1,39.1413,-84.506,1692702,"green"
"110",110,110,"Cincinnati","OH","January",65,39.1413,-84.506,1692702,"orange"
"111",111,111,"Cincinnati","OH","July",22.4166666666667,39.1413,-84.506,1692702,"green"
"112",112,112,"Cincinnati","OH","June",16.8333333333333,39.1413,-84.506,1692702,"green"
"113",113,113,"Cincinnati","OH","October",31.25,39.1413,-84.506,1692702,"blue"
"114",114,114,"Cincinnati","OH","September",24.6666666666667,39.1413,-84.506,1692702,"green"
"115",115,115,"Clarkston","MI","August",27.3333333333333,NA,NA,NA,"green"
"116",116,116,"Clarkston","MI","July",34,NA,NA,NA,"blue"
"117",117,117,"Clarkston","MI","June",34.0625,NA,NA,NA,"blue"
"118",118,118,"Clarkston","MI","September",30.75,NA,NA,NA,"blue"
"119",119,119,"Cleveland","OH","July",33.6666666666667,41.4764,-81.6805,1680247,"blue"
"120",120,120,"Cleveland","OH","September",25,41.4764,-81.6805,1680247,"green"
"121",121,121,"Columbia","SC","July",29.5,34.0378,-80.9036,604065,"green"
"122",122,122,"Columbus","OH","July",43.25,39.9862,-82.9855,1572546,"blue"
"123",123,123,"Columbus","OH","June",39.875,39.9862,-82.9855,1572546,"blue"
"124",124,124,"Columbus","OH","May",56.45,39.9862,-82.9855,1572546,"blue"
"125",125,125,"Columbus","OH","September",36.25,39.9862,-82.9855,1572546,"blue"
"126",126,126,"Concord","MA","July",28.5,NA,NA,NA,"green"
"127",127,127,"Concord","MA","June",29.99,NA,NA,NA,"green"
"128",128,128,"Corpus Christi","TX","July",44.5,27.7254,-97.3767,337230,"blue"
"129",129,129,"Council Bluffs","IA","August",35,41.2369,-95.8516,62670,"blue"
"130",130,130,"Cuyahoga Falls","OH","August",36.8333333333333,41.1641,-81.5207,50916,"blue"
"131",131,131,"Cuyahoga Falls","OH","July",34.25,41.1641,-81.5207,50916,"blue"
"132",132,132,"Cuyahoga Falls","OH","June",40,41.1641,-81.5207,50916,"blue"
"133",133,133,"Dallas","TX","April",86.1876470588235,32.7935,-96.7667,5830932,"orange"
"134",134,134,"Dallas","TX","August",29.15625,32.7935,-96.7667,5830932,"green"
"135",135,135,"Dallas","TX","January",49.5,32.7935,-96.7667,5830932,"blue"
"136",136,136,"Dallas","TX","July",31.3333333333333,32.7935,-96.7667,5830932,"blue"
"137",137,137,"Dallas","TX","June",66.706,32.7935,-96.7667,5830932,"orange"
"138",138,138,"Dallas","TX","March",52.2772727272727,32.7935,-96.7667,5830932,"blue"
"139",139,139,"Dallas","TX","May",69.138,32.7935,-96.7667,5830932,"orange"
"140",140,140,"Dallas","TX","October",65.8166666666667,32.7935,-96.7667,5830932,"orange"
"141",141,141,"Dallas","TX","September",59.1716666666667,32.7935,-96.7667,5830932,"blue"
"142",142,142,"Darien Center","CT","August",34.375,NA,NA,NA,"blue"
"143",143,143,"Darien Center","CT","July",26.5,NA,NA,NA,"green"
"144",144,144,"Darien Center","CT","June",34.75,NA,NA,NA,"blue"
"145",145,145,"Darien Center","CT","September",30,NA,NA,NA,"green"
"146",146,146,"Del Mar","CA","June",22,32.9635,-117.2624,3956,"green"
"147",147,147,"Denver","CO","April",73.9515789473684,39.762,-104.8758,2687458,"orange"
"148",148,148,"Denver","CO","August",45.0533333333333,39.762,-104.8758,2687458,"blue"
"149",149,149,"Denver","CO","July",54.94,39.762,-104.8758,2687458,"blue"
"150",150,150,"Denver","CO","June",57.1675,39.762,-104.8758,2687458,"blue"
"151",151,151,"Denver","CO","March",60.0171428571429,39.762,-104.8758,2687458,"orange"
"152",152,152,"Denver","CO","May",64.1233333333333,39.762,-104.8758,2687458,"orange"
"153",153,153,"Detroit","MI","April",59.45,42.3834,-83.1024,3725908,"blue"
"154",154,154,"Detroit","MI","August",39.6666666666667,42.3834,-83.1024,3725908,"blue"
"155",155,155,"Detroit","MI","July",30.75,42.3834,-83.1024,3725908,"blue"
"156",156,156,"Detroit","MI","June",30,42.3834,-83.1024,3725908,"green"
"157",157,157,"Detroit","MI","October",39.75,42.3834,-83.1024,3725908,"blue"
"158",158,158,"Detroit","MI","September",60.0555555555556,42.3834,-83.1024,3725908,"orange"
"159",159,159,"Doswell","VA","June",18,NA,NA,NA,"green"
"160",160,160,"Durant","OK","July",100,33.9949,-96.3923,18759,"red"
"161",161,161,"East Providence","RI","July",42.75,41.8065,-71.3565,47012,"blue"
"162",162,162,"East Rutherford","NJ","August",70,40.8179,-74.0854,10020,"orange"
"163",163,163,"East Rutherford","NJ","July",49.5,40.8179,-74.0854,10020,"blue"
"164",164,164,"East Rutherford","NJ","June",59,40.8179,-74.0854,10020,"blue"
"165",165,165,"East Rutherford","NJ","September",39.5,40.8179,-74.0854,10020,"blue"
"166",166,166,"El Paso","TX","February",58.25,31.8476,-106.43,865270,"blue"
"167",167,167,"El Paso","TX","September",33.2,31.8476,-106.43,865270,"blue"
"168",168,168,"Eugene","OR","October",29.75,44.0564,-123.1174,270990,"green"
"169",169,169,"Fairfax","VA","August",59,38.8531,-77.2997,24242,"blue"
"170",170,170,"Fairfax","VA","October",39.95,38.8531,-77.2997,24242,"blue"
"171",171,171,"Farmingville","NY","July",35,40.839,-73.0404,16889,"blue"
"172",172,172,"Fort Wayne","IN","October",29.75,41.0888,-85.1436,337163,"green"
"173",173,173,"Foxborough","MA","August",66,NA,NA,NA,"orange"
"174",174,174,"Foxborough","MA","July",49.5,NA,NA,NA,"blue"
"175",175,175,"Foxborough","MA","September",39.5,NA,NA,NA,"blue"
"176",176,176,"Fresno","CA","December",62,36.783,-119.7939,725276,"orange"
"177",177,177,"Fresno","CA","September",52.5,36.783,-119.7939,725276,"blue"
"178",178,178,"Funner","CA","June",18,NA,NA,NA,"green"
"179",179,179,"George","WA","August",215,47.0846,-119.86,892,"black"
"180",180,180,"Glendale","AZ","August",28.375,33.5791,-112.2311,248083,"green"
"181",181,181,"Glendale","AZ","July",24.75,33.5791,-112.2311,248083,"green"
"182",182,182,"Glendale","AZ","March",54.95,33.5791,-112.2311,248083,"blue"
"183",183,183,"Glendale","AZ","October",54.575,33.5791,-112.2311,248083,"blue"
"184",184,184,"Grand Rapids","MI","July",45,42.9619,-85.6562,609023,"blue"
"185",185,185,"Grand Rapids","MI","March",65,42.9619,-85.6562,609023,"orange"
"186",186,186,"Grand Rapids","MI","October",32.25,42.9619,-85.6562,609023,"blue"
"187",187,187,"Greensboro","NC","November",46.25,36.0956,-79.8271,347130,"blue"
"188",188,188,"Greensboro","NC","October",29.95,36.0956,-79.8271,347130,"green"
"189",189,189,"Greensboro","NC","September",39.5,36.0956,-79.8271,347130,"blue"
"190",190,190,"Greenville","SC","November",30,34.8354,-82.3646,401443,"green"
"191",191,191,"Greenville","SC","September",39.5,34.8354,-82.3646,401443,"blue"
"192",192,192,"Gulfport","MS","June",15,30.4274,-89.0704,228022,"green"
"193",193,193,"Hampton","VA","August",35,37.0551,-76.363,137217,"blue"
"194",194,194,"Hartford","CT","August",19.3125,41.7661,-72.6834,974684,"green"
"195",195,195,"Hartford","CT","July",24.875,41.7661,-72.6834,974684,"green"
"196",196,196,"Hartford","CT","June",19.375,41.7661,-72.6834,974684,"green"
"197",197,197,"Hershey","PA","July",19.75,40.2806,-76.6458,14682,"green"
"198",198,198,"Hollywood","CA","June",29.5,NA,NA,NA,"green"
"199",199,199,"Hollywood","CA","September",32,NA,NA,NA,"blue"
"200",200,200,"Holmdel","NJ","August",31.0833333333333,NA,NA,NA,"blue"
"201",201,201,"Holmdel","NJ","June",29.25,NA,NA,NA,"green"
"202",202,202,"Holmdel","NJ","September",37,NA,NA,NA,"blue"
"203",203,203,"Honolulu","HI","August",35,21.3294,-157.846,348547,"blue"
"204",204,204,"Honolulu","HI","November",49.5,21.3294,-157.846,348547,"blue"
"205",205,205,"Houston","TX","April",75.6316666666667,29.786,-95.3885,5970127,"orange"
"206",206,206,"Houston","TX","June",99.5,29.786,-95.3885,5970127,"red"
"207",207,207,"Houston","TX","March",84.7433333333333,29.786,-95.3885,5970127,"orange"
"208",208,208,"Houston","TX","May",69.282,29.786,-95.3885,5970127,"orange"
"209",209,209,"Houston","TX","November",39.5,29.786,-95.3885,5970127,"blue"
"210",210,210,"Houston","TX","September",40.8333333333333,29.786,-95.3885,5970127,"blue"
"211",211,211,"Huber Heights","OH","August",20,39.8595,-84.113,43095,"green"
"212",212,212,"Huntsville","AL","August",30,34.6981,-86.6412,349482,"green"
"213",213,213,"Huntsville","AL","September",36.5,34.6981,-86.6412,349482,"blue"
"214",214,214,"Independence","MO","July",29.5,39.0871,-94.3501,122218,"green"
"215",215,215,"Independence","MO","October",25.75,39.0871,-94.3501,122218,"green"
"216",216,216,"Indianapolis","IN","April",59.95,39.7771,-86.1458,1729849,"blue"
"217",217,217,"Indianapolis","IN","August",27.5,39.7771,-86.1458,1729849,"green"
"218",218,218,"Indianapolis","IN","December",49.5,39.7771,-86.1458,1729849,"blue"
"219",219,219,"Indianapolis","IN","July",31.8125,39.7771,-86.1458,1729849,"blue"
"220",220,220,"Indianapolis","IN","June",49,39.7771,-86.1458,1729849,"blue"
"221",221,221,"Indianapolis","IN","March",65,39.7771,-86.1458,1729849,"orange"
"222",222,222,"Indianapolis","IN","October",20,39.7771,-86.1458,1729849,"green"
"223",223,223,"Indianapolis","IN","September",47.5,39.7771,-86.1458,1729849,"blue"
"224",224,224,"Inglewood","CA","April",47.45,33.9566,-118.3444,106806,"blue"
"225",225,225,"Inglewood","CA","August",39.75,33.9566,-118.3444,106806,"blue"
"226",226,226,"Inglewood","CA","July",35.5,33.9566,-118.3444,106806,"blue"
"227",227,227,"Inglewood","CA","October",47.6,33.9566,-118.3444,106806,"blue"
"228",228,228,"Inglewood","CA","September",43.1333333333333,33.9566,-118.3444,106806,"blue"
"229",229,229,"Irvine","CA","August",36.9375,33.6772,-117.7738,304527,"blue"
"230",230,230,"Irvine","CA","July",39.625,33.6772,-117.7738,304527,"blue"
"231",231,231,"Irvine","CA","September",56.9166666666667,33.6772,-117.7738,304527,"blue"
"232",232,232,"Irving","TX","August",29.5,32.8583,-96.9702,254962,"green"
"233",233,233,"Irving","TX","July",35,32.8583,-96.9702,254962,"blue"
"234",234,234,"Irving","TX","June",68,32.8583,-96.9702,254962,"orange"
"235",235,235,"Irving","TX","October",59.95,32.8583,-96.9702,254962,"blue"
"236",236,236,"Jackson","MS","October",25,32.3157,-90.2125,335171,"green"
"237",237,237,"Jacksonville","FL","August",49.95,30.3322,-81.6749,1288298,"blue"
"238",238,238,"Jacksonville","FL","June",42.39,30.3322,-81.6749,1288298,"blue"
"239",239,239,"Kansas City","MO","July",27,39.1238,-94.5541,1689556,"green"
"240",240,240,"Kansas City","MO","June",35,39.1238,-94.5541,1689556,"blue"
"241",241,241,"Kansas City","MO","October",35.5,39.1238,-94.5541,1689556,"blue"
"242",242,242,"Kansas City","MO","September",45.5,39.1238,-94.5541,1689556,"blue"
"243",243,243,"Lafayette","LA","June",50,30.2082,-92.0325,237565,"blue"
"244",244,244,"Lancaster","PA","June",20,40.042,-76.3012,402476,"green"
"245",245,245,"Landover","MD","July",44,38.9241,-76.8875,24430,"blue"
"246",246,246,"Las Cruces","NM","September",39.5,32.3265,-106.7893,140915,"blue"
"247",247,247,"Las Vegas","NV","August",51.015,36.2333,-115.2654,2248047,"blue"
"248",248,248,"Las Vegas","NV","December",49,36.2333,-115.2654,2248047,"blue"
"249",249,249,"Las Vegas","NV","July",83.026,36.2333,-115.2654,2248047,"orange"
"250",250,250,"Las Vegas","NV","June",57.1625,36.2333,-115.2654,2248047,"blue"
"251",251,251,"Las Vegas","NV","September",44.356,36.2333,-115.2654,2248047,"blue"
"252",252,252,"Lexington","KY","July",104.5,38.0423,-84.4587,321276,"red"
"253",253,253,"Lexington","KY","November",64,38.0423,-84.4587,321276,"orange"
"254",254,254,"Lexington","KY","October",30.25,38.0423,-84.4587,321276,"blue"
"255",255,255,"Lincoln","NE","July",25,40.8099,-96.6784,290531,"green"
"256",256,256,"Lincoln","NE","October",29.75,40.8099,-96.6784,290531,"green"
"257",257,257,"Lincoln","NE","September",62,40.8099,-96.6784,290531,"orange"
"258",258,258,"Los Angeles","CA","April",73.798275862069,34.1141,-118.4068,11922389,"orange"
"259",259,259,"Los Angeles","CA","August",91.17,34.1141,-118.4068,11922389,"red"
"260",260,260,"Los Angeles","CA","July",79.0092307692308,34.1141,-118.4068,11922389,"orange"
"261",261,261,"Los Angeles","CA","June",63.4545,34.1141,-118.4068,11922389,"orange"
"262",262,262,"Los Angeles","CA","March",83.7175675675676,34.1141,-118.4068,11922389,"orange"
"263",263,263,"Los Angeles","CA","May",77.7957142857143,34.1141,-118.4068,11922389,"orange"
"264",264,264,"Los Angeles","CA","October",116.0575,34.1141,-118.4068,11922389,"red"
"265",265,265,"Los Angeles","CA","September",55.83,34.1141,-118.4068,11922389,"blue"
"266",266,266,"Louisville","KY","June",43.5,38.1663,-85.6485,963812,"blue"
"267",267,267,"Mansfield","MA","August",31.5,NA,NA,NA,"blue"
"268",268,268,"Mansfield","MA","July",26.5,NA,NA,NA,"green"
"269",269,269,"Mansfield","MA","June",26.78125,NA,NA,NA,"green"
"270",270,270,"Mansfield","MA","September",29.5,NA,NA,NA,"green"
"271",271,271,"Maryland Heights","MO","August",32.7916666666667,38.7189,-90.4749,28099,"blue"
"272",272,272,"Maryland Heights","MO","July",34.875,38.7189,-90.4749,28099,"blue"
"273",273,273,"Maryland Heights","MO","June",32.4166666666667,38.7189,-90.4749,28099,"blue"
"274",274,274,"Maryland Heights","MO","September",34.25,38.7189,-90.4749,28099,"blue"
"275",275,275,"Memphis","TN","January",49.5,35.1087,-89.9663,1037998,"blue"
"276",276,276,"Memphis","TN","June",34.5,35.1087,-89.9663,1037998,"blue"
"277",277,277,"Miami","FL","April",109.72,25.784,-80.2101,6080145,"red"
"278",278,278,"Miami","FL","August",49.5,25.784,-80.2101,6080145,"blue"
"279",279,279,"Miami","FL","July",75.148,25.784,-80.2101,6080145,"orange"
"280",280,280,"Miami","FL","June",46.87,25.784,-80.2101,6080145,"blue"
"281",281,281,"Miami","FL","March",76.1557142857143,25.784,-80.2101,6080145,"orange"
"282",282,282,"Miami","FL","May",55.01,25.784,-80.2101,6080145,"blue"
"283",283,283,"Miami","FL","October",109.63,25.784,-80.2101,6080145,"red"
"284",284,284,"Miami","FL","September",59.922,25.784,-80.2101,6080145,"blue"
"285",285,285,"Miami Beach","FL","July",45,25.8171,-80.1396,82400,"blue"
"286",286,286,"Miami Beach","FL","March",173.0075,25.8171,-80.1396,82400,"black"
"287",287,287,"Milwaukee","WI","July",55.232,43.0642,-87.9675,1290940,"blue"
"288",288,288,"Milwaukee","WI","June",58.056,43.0642,-87.9675,1290940,"blue"
"289",289,289,"Milwaukee","WI","October",42.1666666666667,43.0642,-87.9675,1290940,"blue"
"290",290,290,"Milwaukee","WI","September",50.6825,43.0642,-87.9675,1290940,"blue"
"291",291,291,"Minneapolis","MN","August",47.5,44.9635,-93.2678,2892569,"blue"
"292",292,292,"Minneapolis","MN","July",39.5,44.9635,-93.2678,2892569,"blue"
"293",293,293,"Minneapolis","MN","June",32.5,44.9635,-93.2678,2892569,"blue"
"294",294,294,"Minneapolis","MN","October",37.5,44.9635,-93.2678,2892569,"blue"
"295",295,295,"Minneapolis","MN","September",64.5,44.9635,-93.2678,2892569,"orange"
"296",296,296,"Monroe","LA","July",17,32.5185,-92.0774,116927,"green"
"297",297,297,"Montclair","NJ","July",20,NA,NA,NA,"green"
"298",298,298,"Montclair","NJ","June",25,NA,NA,NA,"green"
"299",299,299,"Mountain View","CA","August",29.8125,37.4001,-122.0796,82132,"green"
"300",300,300,"Mountain View","CA","July",30.15625,37.4001,-122.0796,82132,"blue"
"301",301,301,"Mountain View","CA","June",71.0833333333333,37.4001,-122.0796,82132,"orange"
"302",302,302,"Mountain View","CA","September",40,37.4001,-122.0796,82132,"blue"
"303",303,303,"Nashville","TN","April",87.7169696969697,36.1715,-86.7842,1177657,"orange"
"304",304,304,"Nashville","TN","August",60.0233333333333,36.1715,-86.7842,1177657,"orange"
"305",305,305,"Nashville","TN","January",70.5,36.1715,-86.7842,1177657,"orange"
"306",306,306,"Nashville","TN","July",40.19,36.1715,-86.7842,1177657,"blue"
"307",307,307,"Nashville","TN","June",101.898571428571,36.1715,-86.7842,1177657,"red"
"308",308,308,"Nashville","TN","March",73.5205555555556,36.1715,-86.7842,1177657,"orange"
"309",309,309,"Nashville","TN","May",95.6721212121212,36.1715,-86.7842,1177657,"red"
"310",310,310,"Nashville","TN","November",119.71,36.1715,-86.7842,1177657,"red"
"311",311,311,"Nashville","TN","October",46.625,36.1715,-86.7842,1177657,"blue"
"312",312,312,"Nashville","TN","September",58.2533333333333,36.1715,-86.7842,1177657,"blue"
"313",313,313,"New Orleans","LA","August",26.5,30.0687,-89.9288,932759,"green"
"314",314,314,"New Orleans","LA","January",49.5,30.0687,-89.9288,932759,"blue"
"315",315,315,"New Orleans","LA","July",51,30.0687,-89.9288,932759,"blue"
"316",316,316,"New Orleans","LA","June",43.6666666666667,30.0687,-89.9288,932759,"blue"
"317",317,317,"New Orleans","LA","March",55,30.0687,-89.9288,932759,"blue"
"318",318,318,"New Orleans","LA","October",25,30.0687,-89.9288,932759,"green"
"319",319,319,"New Orleans","LA","September",54,30.0687,-89.9288,932759,"blue"
"320",320,320,"New York","NY","April",83.9852941176471,40.6943,-73.9249,18908608,"orange"
"321",321,321,"New York","NY","August",80.7016666666667,40.6943,-73.9249,18908608,"orange"
"322",322,322,"New York","NY","December",108.82,40.6943,-73.9249,18908608,"red"
"323",323,323,"New York","NY","July",93.7117647058824,40.6943,-73.9249,18908608,"red"
"324",324,324,"New York","NY","June",83.7385714285714,40.6943,-73.9249,18908608,"orange"
"325",325,325,"New York","NY","March",68.3951515151515,40.6943,-73.9249,18908608,"orange"
"326",326,326,"New York","NY","May",85.9931914893617,40.6943,-73.9249,18908608,"orange"
"327",327,327,"New York","NY","November",44.75,40.6943,-73.9249,18908608,"blue"
"328",328,328,"New York","NY","October",77.809,40.6943,-73.9249,18908608,"orange"
"329",329,329,"New York","NY","September",46.4583333333333,40.6943,-73.9249,18908608,"blue"
"330",330,330,"Newark","NJ","August",47.5,40.7245,-74.1725,307355,"blue"
"331",331,331,"Newark","NJ","July",59.99,40.7245,-74.1725,307355,"blue"
"332",332,332,"Newark","NJ","November",27,40.7245,-74.1725,307355,"green"
"333",333,333,"Newark","NJ","October",79.6,40.7245,-74.1725,307355,"orange"
"334",334,334,"Noblesville","IN","August",30.9,40.0355,-86.0042,70442,"blue"
"335",335,335,"Noblesville","IN","July",23.1428571428571,40.0355,-86.0042,70442,"green"
"336",336,336,"Noblesville","IN","June",36.4166666666667,40.0355,-86.0042,70442,"blue"
"337",337,337,"Noblesville","IN","October",33.75,40.0355,-86.0042,70442,"blue"
"338",338,338,"Noblesville","IN","September",33.25,40.0355,-86.0042,70442,"blue"
"339",339,339,"North Little Rock","AR","August",39.5,34.7807,-92.2371,64454,"blue"
"340",340,340,"North Little Rock","AR","January",65,34.7807,-92.2371,64454,"orange"
"341",341,341,"North Little Rock","AR","October",26.375,34.7807,-92.2371,64454,"green"
"342",342,342,"North Myrtle Beach","FL","September",27.5,NA,NA,NA,"green"
"343",343,343,"Oakland","CA","April",93.6345454545455,37.7904,-122.2166,437825,"red"
"344",344,344,"Oakland","CA","August",126.453333333333,37.7904,-122.2166,437825,"black"
"345",345,345,"Oakland","CA","December",49.5,37.7904,-122.2166,437825,"blue"
"346",346,346,"Oakland","CA","July",29.5,37.7904,-122.2166,437825,"green"
"347",347,347,"Oakland","CA","June",112.6,37.7904,-122.2166,437825,"red"
"348",348,348,"Oakland","CA","March",113.4175,37.7904,-122.2166,437825,"red"
"349",349,349,"Oakland","CA","May",78.8545454545455,37.7904,-122.2166,437825,"orange"
"350",350,350,"Oakland","CA","October",69.39,37.7904,-122.2166,437825,"orange"
"351",351,351,"Oakland","CA","September",54.3625,37.7904,-122.2166,437825,"blue"
"352",352,352,"Oklahoma City","OK","March",54.95,35.4676,-97.5136,998806,"blue"
"353",353,353,"Oklahoma City","OK","October",29.75,35.4676,-97.5136,998806,"green"
"354",354,354,"Omaha","NE","August",36.75,41.2627,-96.0529,821345,"blue"
"355",355,355,"Orange Beach","AL","August",20,30.2942,-87.5849,8048,"green"
"356",356,356,"Orange Beach","AL","July",32.75,30.2942,-87.5849,8048,"blue"
"357",357,357,"Orlando","FL","July",34.1666666666667,28.4773,-81.337,1882705,"blue"
"358",358,358,"Orlando","FL","June",32.5,28.4773,-81.337,1882705,"blue"
"359",359,359,"Orlando","FL","September",28,28.4773,-81.337,1882705,"green"
"360",360,360,"Park City","UT","October",20,40.6502,-111.5013,8379,"green"
"361",361,361,"Pasadena","CA","August",39.5,34.1597,-118.139,137554,"blue"
"362",362,362,"Peoria","IL","September",36.5,40.752,-89.6154,253467,"blue"
"363",363,363,"Philadelphia","PA","April",49.0413636363636,40.0077,-75.1339,5683533,"blue"
"364",364,364,"Philadelphia","PA","August",72.64,40.0077,-75.1339,5683533,"orange"
"365",365,365,"Philadelphia","PA","July",80.508,40.0077,-75.1339,5683533,"orange"
"366",366,366,"Philadelphia","PA","June",67.6371428571429,40.0077,-75.1339,5683533,"orange"
"367",367,367,"Philadelphia","PA","March",72.209375,40.0077,-75.1339,5683533,"orange"
"368",368,368,"Philadelphia","PA","May",62.1191304347826,40.0077,-75.1339,5683533,"orange"
"369",369,369,"Philadelphia","PA","November",54.41,40.0077,-75.1339,5683533,"blue"
"370",370,370,"Philadelphia","PA","October",55,40.0077,-75.1339,5683533,"blue"
"371",371,371,"Philadelphia","PA","September",91,40.0077,-75.1339,5683533,"red"
"372",372,372,"Phoenix","AZ","August",30.4166666666667,33.5722,-112.0892,4064275,"blue"
"373",373,373,"Phoenix","AZ","July",25,33.5722,-112.0892,4064275,"green"
"374",374,374,"Phoenix","AZ","June",22.8333333333333,33.5722,-112.0892,4064275,"green"
"375",375,375,"Phoenix","AZ","October",37.25,33.5722,-112.0892,4064275,"blue"
"376",376,376,"Phoenix","AZ","September",43.225,33.5722,-112.0892,4064275,"blue"
"377",377,377,"Pittsburgh","PA","August",37.5,40.4397,-79.9763,1749091,"blue"
"378",378,378,"Pittsburgh","PA","July",30.75,40.4397,-79.9763,1749091,"blue"
"379",379,379,"Pittsburgh","PA","June",42.5,40.4397,-79.9763,1749091,"blue"
"380",380,380,"Pittsburgh","PA","October",71.5,40.4397,-79.9763,1749091,"orange"
"381",381,381,"Pittsburgh","PA","September",39.25,40.4397,-79.9763,1749091,"blue"
"382",382,382,"Portland","ME","April",62.285,43.6773,-70.2715,209491,"orange"
"383",383,383,"Portland","ME","August",81.0766666666667,43.6773,-70.2715,209491,"orange"
"384",384,384,"Portland","ME","July",86.9675,43.6773,-70.2715,209491,"orange"
"385",385,385,"Portland","ME","June",81.37,43.6773,-70.2715,209491,"orange"
"386",386,386,"Portland","ME","March",69.8928571428571,43.6773,-70.2715,209491,"orange"
"387",387,387,"Portland","ME","May",59.872,43.6773,-70.2715,209491,"blue"
"388",388,388,"Portland","ME","November",26.75,43.6773,-70.2715,209491,"green"
"389",389,389,"Portland","OR","April",75.805,45.5371,-122.65,2095808,"orange"
"390",390,390,"Portland","OR","August",73.515,45.5371,-122.65,2095808,"orange"
"391",391,391,"Portland","OR","December",63,45.5371,-122.65,2095808,"orange"
"392",392,392,"Portland","OR","July",60.646,45.5371,-122.65,2095808,"orange"
"393",393,393,"Portland","OR","June",83.43,45.5371,-122.65,2095808,"orange"
"394",394,394,"Portland","OR","March",67.7172727272727,45.5371,-122.65,2095808,"orange"
"395",395,395,"Portland","OR","May",72.9584615384615,45.5371,-122.65,2095808,"orange"
"396",396,396,"Portland","OR","November",52.505,45.5371,-122.65,2095808,"blue"
"397",397,397,"Portland","OR","October",37.145,45.5371,-122.65,2095808,"blue"
"398",398,398,"Portland","OR","September",35,45.5371,-122.65,2095808,"blue"
"399",399,399,"Portsmouth","VA","June",24.5,36.8468,-76.354,97384,"green"
"400",400,400,"Primm","NV","June",35,NA,NA,NA,"blue"
"401",401,401,"Providence","RI","September",29.75,41.823,-71.4187,1290271,"green"
"402",402,402,"Raleigh","NC","August",36.3,35.8324,-78.6429,1163152,"blue"
"403",403,403,"Raleigh","NC","January",55.25,35.8324,-78.6429,1163152,"blue"
"404",404,404,"Raleigh","NC","July",35.1,35.8324,-78.6429,1163152,"blue"
"405",405,405,"Raleigh","NC","June",33.5,35.8324,-78.6429,1163152,"blue"
"406",406,406,"Raleigh","NC","October",34.25,35.8324,-78.6429,1163152,"blue"
"407",407,407,"Raleigh","NC","September",29.5,35.8324,-78.6429,1163152,"green"
"408",408,408,"Reading","PA","October",45,40.34,-75.9267,272712,"blue"
"409",409,409,"Ridgefield","WA","July",29.5,45.8114,-122.7051,11486,"green"
"410",410,410,"Rochester","NY","October",39.75,43.168,-77.6162,699921,"blue"
"411",411,411,"Rosemont","IL","June",50.75,41.989,-87.8718,3864,"blue"
"412",412,412,"Rosemont","IL","October",39.95,41.989,-87.8718,3864,"blue"
"413",413,413,"Sacramento","CA","April",43.89,38.5677,-121.4685,1957738,"blue"
"414",414,414,"Sacramento","CA","August",35,38.5677,-121.4685,1957738,"blue"
"415",415,415,"Sacramento","CA","December",61.44,38.5677,-121.4685,1957738,"orange"
"416",416,416,"Sacramento","CA","July",25.91,38.5677,-121.4685,1957738,"green"
"417",417,417,"Sacramento","CA","November",47.14,38.5677,-121.4685,1957738,"blue"
"418",418,418,"Sacramento","CA","October",29.75,38.5677,-121.4685,1957738,"green"
"419",419,419,"Sacramento","CA","September",34.5,38.5677,-121.4685,1957738,"blue"
"420",420,420,"Saint Paul","MN","August",46.5,NA,NA,NA,"blue"
"421",421,421,"Saint Paul","MN","June",26.5,NA,NA,NA,"green"
"422",422,422,"Saint Paul","MN","May",69.99,NA,NA,NA,"orange"
"423",423,423,"Saint Paul","MN","September",49.25,NA,NA,NA,"blue"
"424",424,424,"Salt Lake City","UT","August",27.75,40.7776,-111.9311,1173879,"green"
"425",425,425,"Salt Lake City","UT","July",46.5,40.7776,-111.9311,1173879,"blue"
"426",426,426,"Salt Lake City","UT","November",62,40.7776,-111.9311,1173879,"orange"
"427",427,427,"Salt Lake City","UT","October",29.75,40.7776,-111.9311,1173879,"green"
"428",428,428,"Salt Lake City","UT","September",36.95,40.7776,-111.9311,1173879,"blue"
"429",429,429,"San Antonio","TX","January",49.5,29.4632,-98.5238,2058444,"blue"
"430",430,430,"San Antonio","TX","July",29.5,29.4632,-98.5238,2058444,"green"
"431",431,431,"San Antonio","TX","June",49.5,29.4632,-98.5238,2058444,"blue"
"432",432,432,"San Antonio","TX","March",51.99,29.4632,-98.5238,2058444,"blue"
"433",433,433,"San Antonio","TX","October",28.975,29.4632,-98.5238,2058444,"green"
"434",434,434,"San Antonio","TX","September",39,29.4632,-98.5238,2058444,"blue"
"435",435,435,"San Bernardino","CA","September",30.75,34.1416,-117.2943,221041,"blue"
"436",436,436,"San Diego","CA","June",58.8,32.8313,-117.1222,3046560,"blue"
"437",437,437,"San Diego","CA","September",35.975,32.8313,-117.1222,3046560,"blue"
"438",438,438,"San Francisco","CA","April",77.9373333333333,37.7558,-122.4449,3364979,"orange"
"439",439,439,"San Francisco","CA","August",39.5,37.7558,-122.4449,3364979,"blue"
"440",440,440,"San Francisco","CA","July",103.93,37.7558,-122.4449,3364979,"red"
"441",441,441,"San Francisco","CA","June",60.9033333333333,37.7558,-122.4449,3364979,"orange"
"442",442,442,"San Francisco","CA","March",71.1415,37.7558,-122.4449,3364979,"orange"
"443",443,443,"San Francisco","CA","May",68.1166666666667,37.7558,-122.4449,3364979,"orange"
"444",444,444,"San Francisco","CA","October",112.22,37.7558,-122.4449,3364979,"red"
"445",445,445,"San Jose","CA","April",43.45,37.3012,-121.848,1771413,"blue"
"446",446,446,"San Jose","CA","August",27.75,37.3012,-121.848,1771413,"green"
"447",447,447,"San Jose","CA","October",49.5,37.3012,-121.848,1771413,"blue"
"448",448,448,"Saratoga Springs","NY","August",20,43.0674,-73.7775,74339,"green"
"449",449,449,"Saratoga Springs","NY","July",20,43.0674,-73.7775,74339,"green"
"450",450,450,"Saratoga Springs","NY","June",23.75,43.0674,-73.7775,74339,"green"
"451",451,451,"Scranton","PA","August",25.5,41.4044,-75.6649,366334,"green"
"452",452,452,"Seattle","WA","April",74.3996666666667,47.6211,-122.3244,3561397,"orange"
"453",453,453,"Seattle","WA","August",50.602,47.6211,-122.3244,3561397,"blue"
"454",454,454,"Seattle","WA","July",84.1433333333333,47.6211,-122.3244,3561397,"orange"
"455",455,455,"Seattle","WA","June",69.75,47.6211,-122.3244,3561397,"orange"
"456",456,456,"Seattle","WA","March",89.385,47.6211,-122.3244,3561397,"orange"
"457",457,457,"Seattle","WA","May",76.185,47.6211,-122.3244,3561397,"orange"
"458",458,458,"Seattle","WA","November",51.01,47.6211,-122.3244,3561397,"blue"
"459",459,459,"Seattle","WA","October",63.45,47.6211,-122.3244,3561397,"orange"
"460",460,460,"Seattle","WA","September",55.125,47.6211,-122.3244,3561397,"blue"
"461",461,461,"Silver Spring","MD","July",25,39.0028,-77.0207,81808,"green"
"462",462,462,"Silver Spring","MD","June",27.25,39.0028,-77.0207,81808,"green"
"463",463,463,"Simpsonville","SC","June",22,34.7287,-82.2569,24133,"green"
"464",464,464,"Sioux Falls","SD","October",23,43.5396,-96.7311,204484,"green"
"465",465,465,"Southaven","MS","July",35.5,34.9514,-89.9786,54908,"blue"
"466",466,466,"Springfield","IL","August",12,39.7709,-89.654,159671,"green"
"467",467,467,"St Augustine","FL","June",82.14,NA,NA,NA,"orange"
"468",468,468,"St Louis","MO","July",46,NA,NA,NA,"blue"
"469",469,469,"St Louis","MO","June",26.5,NA,NA,NA,"green"
"470",470,470,"St Louis","MO","September",41.1666666666667,NA,NA,NA,"blue"
"471",471,471,"Stateline","NV","July",69.5,38.9678,-119.944,938,"orange"
"472",472,472,"Sugar Land","TX","August",55.5,29.5935,-95.6358,110077,"blue"
"473",473,473,"Sugar Land","TX","October",39.95,29.5935,-95.6358,110077,"blue"
"474",474,474,"Sunrise","FL","July",26.5,26.1547,-80.2997,96510,"green"
"475",475,475,"Sunrise","FL","June",45.25,26.1547,-80.2997,96510,"blue"
"476",476,476,"Sunrise","FL","March",54.95,26.1547,-80.2997,96510,"blue"
"477",477,477,"Syracuse","NY","August",29,43.0407,-76.1437,410732,"green"
"478",478,478,"Syracuse","NY","June",21.5833333333333,43.0407,-76.1437,410732,"green"
"479",479,479,"Syracuse","NY","September",29.75,43.0407,-76.1437,410732,"green"
"480",480,480,"Tacoma","WA","November",55.5,47.2431,-122.4531,219234,"blue"
"481",481,481,"Tampa","FL","August",30.25,27.9945,-82.4447,2861173,"blue"
"482",482,482,"Tampa","FL","July",27.625,27.9945,-82.4447,2861173,"green"
"483",483,483,"Tampa","FL","June",30.0416666666667,27.9945,-82.4447,2861173,"blue"
"484",484,484,"Tampa","FL","March",84.95,27.9945,-82.4447,2861173,"orange"
"485",485,485,"Tampa","FL","November",37,27.9945,-82.4447,2861173,"blue"
"486",486,486,"Tampa","FL","October",56.2,27.9945,-82.4447,2861173,"blue"
"487",487,487,"Tampa","FL","September",32.9583333333333,27.9945,-82.4447,2861173,"blue"
"488",488,488,"Thackerville","OK","August",75,33.7936,-97.142,493,"orange"
"489",489,489,"Tinley Park","IL","August",34.5,41.567,-87.8049,55571,"blue"
"490",490,490,"Tinley Park","IL","July",27.4285714285714,41.567,-87.8049,55571,"green"
"491",491,491,"Tinley Park","IL","June",39.5,41.567,-87.8049,55571,"blue"
"492",492,492,"Tinley Park","IL","October",34.75,41.567,-87.8049,55571,"blue"
"493",493,493,"Tinley Park","IL","September",35.25,41.567,-87.8049,55571,"blue"
"494",494,494,"Tucson","AZ","August",39,32.1541,-110.8787,878320,"blue"
"495",495,495,"Tulsa","OK","August",27.75,36.1283,-95.9042,731743,"green"
"496",496,496,"Tulsa","OK","January",62,36.1283,-95.9042,731743,"orange"
"497",497,497,"Tulsa","OK","July",26.5,36.1283,-95.9042,731743,"green"
"498",498,498,"Tulsa","OK","October",61.5,36.1283,-95.9042,731743,"orange"
"499",499,499,"Tulsa","OK","September",39.5,36.1283,-95.9042,731743,"blue"
"500",500,500,"Tupelo","MS","September",39.5,34.2692,-88.7318,37939,"blue"
"501",501,501,"Tuscaloosa","AL","July",39.5,33.2348,-87.5268,164414,"blue"
"502",502,502,"Uncasville","CT","December",129,NA,NA,NA,"black"
"503",503,503,"Uncasville","CT","July",29.25,NA,NA,NA,"green"
"504",504,504,"Uncasville","CT","September",59,NA,NA,NA,"blue"
"505",505,505,"Uniondale","NY","July",29.25,40.7176,-73.5947,33192,"green"
"506",506,506,"University Park","TX","October",58.75,32.8506,-96.7937,25179,"blue"
"507",507,507,"Virginia Beach","VA","August",14.6666666666667,36.7335,-76.0435,1443020,"green"
"508",508,508,"Virginia Beach","VA","July",16.625,36.7335,-76.0435,1443020,"green"
"509",509,509,"Virginia Beach","VA","June",25.25,36.7335,-76.0435,1443020,"green"
"510",510,510,"Wallingford","CT","September",20,NA,NA,NA,"green"
"511",511,511,"Wantagh","NY","August",34.25,40.6686,-73.5104,17995,"blue"
"512",512,512,"Wantagh","NY","July",34.5,40.6686,-73.5104,17995,"blue"
"513",513,513,"Wantagh","NY","June",33.125,40.6686,-73.5104,17995,"blue"
"514",514,514,"Wantagh","NY","September",25,40.6686,-73.5104,17995,"green"
"515",515,515,"Washington","DC","August",25.5,38.9047,-77.0163,5116378,"green"
"516",516,516,"Washington","DC","July",40.25,38.9047,-77.0163,5116378,"blue"
"517",517,517,"Washington","DC","June",39.5,38.9047,-77.0163,5116378,"blue"
"518",518,518,"Washington","DC","October",49.5,38.9047,-77.0163,5116378,"blue"
"519",519,519,"Washington","DC","September",54.5,38.9047,-77.0163,5116378,"blue"
"520",520,520,"Washington","PA","August",39.5,40.1741,-80.2465,13358,"blue"
"521",521,521,"Welch","MN","August",30,NA,NA,NA,"green"
"522",522,522,"West Palm Beach","FL","August",32,26.7469,-80.132,117588,"blue"
"523",523,523,"West Palm Beach","FL","June",38.25,26.7469,-80.132,117588,"blue"
"524",524,524,"West Palm Beach","FL","September",38.5625,26.7469,-80.132,117588,"blue"
"525",525,525,"Wheatland","CA","August",34.25,39.0287,-121.39,3702,"blue"
"526",526,526,"Wheatland","CA","July",30.8125,39.0287,-121.39,3702,"blue"
"527",527,527,"Wheatland","CA","September",36.375,39.0287,-121.39,3702,"blue"
"528",528,528,"Wilkes-Barre","PA","June",25,41.2469,-75.876,44123,"green"
"529",529,529,"Wilmington","DE","June",29.5,39.7415,-75.5416,71034,"green"
"530",530,530,"Wilmington","DE","September",29.5,39.7415,-75.5416,71034,"green"
"531",531,531,"Woodlands","TX","August",35.1666666666667,NA,NA,NA,"blue"
"532",532,532,"Woodlands","TX","July",28.9,NA,NA,NA,"green"
"533",533,533,"Woodlands","TX","June",57,NA,NA,NA,"blue"
"534",534,534,"Youngstown","OH","August",45,41.0993,-80.6463,319065,"blue"
